geometry,perturb,idx,series,coating,arm,t,centroid_mag,d90_mag,nav_index
colour,False,0,PEG_L1,PEG,large,0.0,1.1742158771127362,2.3181673598092813,-0.2087053671791591
colour,False,1,PEG_L2,PEG,large,0.0,1.0089945860939915,2.4661525007039664,0.4579957609754893
colour,False,2,PEG_S1,PEG,small,0.0,0.6779441961397631,1.8362014828728457,0.2682509589963858
colour,False,3,PEG_S2,PEG,small,0.0,1.2624018200585694,2.643670133095708,0.0643697795465692
colour,False,4,COOH_L1,COOH,large,0.0,0.9247063232710226,2.030702892963218,-0.0928939434340527
colour,False,5,COOH_L2,COOH,large,0.0,0.8994320856070668,1.905103319416954,-0.3514268675033212
colour,False,6,COOH_S1,COOH,small,0.0,0.8350359238959038,1.7990923061236386,0.0859555317275148
colour,False,7,COOH_S2,COOH,small,0.0,1.048437073592139,2.2539399168006056,-0.5864986217962692
colour,False,8,PEG_L1,PEG,large,0.0,1.4507688956268352,3.0554635618558255,0.287265401743294
colour,False,9,PEG_L2,PEG,large,0.0,1.4869066262942552,3.2439684635829873,0.4591206076781134
colour,False,10,PEG_S1,PEG,small,0.0,0.8674389869847757,1.8752057512767968,0.0139977321563413
colour,False,11,PEG_S2,PEG,small,0.0,1.314668182220039,2.8039019727050447,0.2748296846283253
colour,False,12,COOH_L1,COOH,large,0.0,1.164268660561482,2.9489640767343213,0.4195088879601769
colour,False,13,COOH_L2,COOH,large,0.0,1.1032988870287563,2.720724687592247,0.2699462084160514
colour,False,14,COOH_S1,COOH,small,0.0,0.8176081672245002,1.7458692140416283,0.4040278101942103
colour,False,15,COOH_S2,COOH,small,0.0,1.0315081849021517,2.1806708848955596,0.1880342583994219
colour,False,16,PEG_L3,PEG,large,0.0,0.9766031632694974,2.015672530840581,-0.6007788927165262
colour,False,17,PEG_S3,PEG,small,0.0,0.9346069686759608,1.971440396151506,0.2981997966160145
colour,False,18,COOH_L3,COOH,large,0.0,1.1122467495488153,2.1718594719566835,-0.0714732752355421
colour,False,19,COOH_S3,COOH,small,0.0,1.0510259935302486,2.175915873041847,0.153821248774188
colour,False,20,PEG_control,PEG,control,0.0,1.4076489534350922,2.8109277639661188,0.1705639940289004
colour,False,21,COOH_control,COOH,control,0.0,0.952209897035502,2.044608872928294,-0.0506210762124505
colour,False,22,PEG_L3,PEG,large,0.0,1.554477823212981,3.216438381520009,0.5935442784537351
colour,False,23,PEG_S3,PEG,small,0.0,1.006970746161443,2.0720189482961224,0.2140506275580258
colour,False,24,COOH_L3,COOH,large,0.0,1.4804097823964075,3.042325231897802,0.4016181568110444
colour,False,25,COOH_S3,COOH,small,0.0,1.058503922378357,2.226357358188754,0.1813038813443253
colour,False,26,PEG_control,PEG,control,0.0,1.3199431722551995,2.606807282316293,-0.0972072526102519
colour,False,27,COOH_control,COOH,control,0.0,0.8500771959464078,1.9817925090851816,0.0526294960049288
colour,False,28,PEG_L1,PEG,large,0.5,1.477624898198224,3.326721358257872,0.5565529773793421
colour,False,29,PEG_L2,PEG,large,0.5,1.111302380284538,2.951884046494664,0.7977615723435048
colour,False,30,PEG_S1,PEG,small,0.5,0.667250934601109,1.7865760938767037,0.3655824152086757
colour,False,31,PEG_S2,PEG,small,0.5,1.4580914413450037,3.0583207686508613,-0.0533599851250558
colour,False,32,COOH_L1,COOH,large,0.5,1.118165030723708,2.626409033517598,0.2450776964393588
colour,False,33,COOH_L2,COOH,large,0.5,0.9870186454245848,2.562986132630927,0.7512831329383625
colour,False,34,COOH_S1,COOH,small,0.5,0.6824690445349025,1.4728008828885524,0.3540829530329106
colour,False,35,COOH_S2,COOH,small,0.5,0.7850928673466494,2.160442217842021,0.6509272960439412
colour,False,36,PEG_L3,PEG,large,0.5,1.497518181836032,3.2098932687832247,0.7300427103865209
colour,False,37,PEG_S3,PEG,small,0.5,0.9285658594440066,2.0854293561940556,0.3326543257242186
colour,False,38,COOH_L3,COOH,large,0.5,1.3093051281773915,3.0176018429297797,0.7300743455865205
colour,False,39,COOH_S3,COOH,small,0.5,0.9013615467084805,2.1603847472780497,0.3596002482698903
colour,False,40,PEG_control,PEG,control,0.5,1.204456891852937,2.4568069293830614,-0.099100305576257
colour,False,41,COOH_control,COOH,control,0.5,0.7869026086348646,1.9138936455120923,0.1275541165526682
colour,False,42,PEG_L1,PEG,large,1.0,1.3834266177734995,3.230153395647629,0.713573468188513
colour,False,43,PEG_L2,PEG,large,1.0,1.207816318815734,2.907224137584937,0.858959239312725
colour,False,44,PEG_S1,PEG,small,1.0,0.6860163671351174,1.7368051110826652,0.4898509633675034
colour,False,45,PEG_S2,PEG,small,1.0,1.4098358436352203,3.023377790470345,0.0903334998761581
colour,False,46,COOH_L1,COOH,large,1.0,1.1913394396706227,3.014873363197795,0.7672596437774836
colour,False,47,COOH_L2,COOH,large,1.0,1.0452976410170447,2.445542063852323,0.8117285622544691
colour,False,48,COOH_S1,COOH,small,1.0,0.7490016086335548,1.6059431298236675,0.5317727909551478
colour,False,49,COOH_S2,COOH,small,1.0,0.8382541122017471,2.1647890332303845,0.7555002383317763
colour,False,50,PEG_L3,PEG,large,1.0,1.3647951077500782,3.090382933344099,0.821530655746442
colour,False,51,PEG_S3,PEG,small,1.0,0.8621673517030372,2.117733464701851,0.4631277145501608
colour,False,52,COOH_L3,COOH,large,1.0,1.2312878926199424,2.8654659424934255,0.8412938928605604
colour,False,53,COOH_S3,COOH,small,1.0,0.8465938518584595,2.080276988295678,0.4536392735343446
colour,False,54,PEG_control,PEG,control,1.0,1.16857142856254,2.4145254493598487,-0.048519516635754
colour,False,55,COOH_control,COOH,control,1.0,0.7266609974711575,1.836128765102166,0.1817599094945107
colour,False,56,PEG_L1,PEG,large,1.5,1.4707126852553698,3.2538455224923166,0.7579316316423859
colour,False,57,PEG_L2,PEG,large,1.5,1.3731025163138908,3.066563656020425,0.8465306978862875
colour,False,58,PEG_S1,PEG,small,1.5,0.8237475923730521,1.994972884193669,0.5116176246076735
colour,False,59,PEG_S2,PEG,small,1.5,1.4538550850771703,3.1228107375534817,0.0433334446660216
colour,False,60,COOH_L1,COOH,large,1.5,1.1202548867198272,2.559284915401449,0.6580932435472138
colour,False,61,COOH_L2,COOH,large,1.5,1.2420483997716911,2.727041660362133,0.831882184623186
colour,False,62,COOH_S1,COOH,small,1.5,0.8901791320493961,2.1665009292521087,0.3997881835657002
colour,False,63,COOH_S2,COOH,small,1.5,0.9664553353776972,2.472540791935149,0.7183571030668567
colour,False,64,PEG_L3,PEG,large,1.5,1.4154899404512944,3.0864792412759225,0.8618659682930551
colour,False,65,PEG_S3,PEG,small,1.5,0.8731182079333857,2.1245550892776732,0.4179432127610797
colour,False,66,COOH_L3,COOH,large,1.5,1.2924972548267175,2.7667413939807384,0.9075341303016868
colour,False,67,COOH_S3,COOH,small,1.5,0.9073328202214334,2.11872621646447,0.3454232314762593
colour,False,68,PEG_control,PEG,control,1.5,1.1226060489852197,2.3915464091337775,0.0015533495929816
colour,False,69,COOH_control,COOH,control,1.5,0.8996285994156384,1.9324972883713696,-0.2169437524324253
colour,False,70,PEG_L1,PEG,large,2.0,1.527390363970104,3.15484001774752,0.8336748798986876
colour,False,71,PEG_L2,PEG,large,2.0,1.4928059178460922,3.1768108724682844,0.8651237092167271
colour,False,72,PEG_S1,PEG,small,2.0,0.9714373309995,2.446684974978641,0.6531835434187784
colour,False,73,PEG_S2,PEG,small,2.0,1.5380930837055855,3.246582934562486,0.161996875022094
colour,False,74,COOH_L1,COOH,large,2.0,1.4521727270714957,2.7948108072857885,0.8420884244357703
colour,False,75,COOH_L2,COOH,large,2.0,1.5169902181060897,3.15441894423628,0.7854869000986665
colour,False,76,COOH_S1,COOH,small,2.0,0.9528078736498728,2.113369803256685,0.6186638212855696
colour,False,77,COOH_S2,COOH,small,2.0,0.9888828310892246,2.5964067811238585,0.7178925153154427
colour,False,78,PEG_L3,PEG,large,2.0,1.531286624452172,3.149759631274872,0.8563691507588336
colour,False,79,PEG_S3,PEG,small,2.0,0.8921483840370634,2.162961023599331,0.4075293451954099
colour,False,80,COOH_L3,COOH,large,2.0,1.4035016863395755,2.898686903335244,0.9486217576707672
colour,False,81,COOH_S3,COOH,small,2.0,0.7791334200449679,1.908168570400423,0.5449924223368964
colour,False,82,PEG_control,PEG,control,2.0,1.084756370277872,2.3207196843480427,-0.0178578868357417
colour,False,83,COOH_control,COOH,control,2.0,0.7321035683252048,1.8511312387457657,0.1447233896371778
colour,False,84,PEG_L1,PEG,large,2.5,1.3047104511671217,2.5495821967101495,0.751944291479121
colour,False,85,PEG_L2,PEG,large,2.5,1.7293474219684994,3.328754711036607,0.9011873465233974
colour,False,86,PEG_S1,PEG,small,2.5,1.107406165659008,2.8070294099701028,0.6054468871956358
colour,False,87,PEG_S2,PEG,small,2.5,1.435797837145312,3.1279128819638538,0.4087870314151423
colour,False,88,COOH_L1,COOH,large,2.5,1.2994671309608463,2.5622273532134097,0.6756436463929065
colour,False,89,COOH_L2,COOH,large,2.5,1.6198904627649793,3.308134783230005,0.5513389962771725
colour,False,90,COOH_S1,COOH,small,2.5,0.952017642546774,2.174126167350422,0.6330933105490765
colour,False,91,COOH_S2,COOH,small,2.5,1.067801475598661,2.7584717317576315,0.6996400755414011
colour,False,92,PEG_L3,PEG,large,2.5,1.5772416902610924,3.184849132841435,0.8937935773288825
colour,False,93,PEG_S3,PEG,small,2.5,0.8304648540716294,2.081841820681132,0.5307936303080698
colour,False,94,COOH_L3,COOH,large,2.5,1.5262993204131814,3.0200105304068785,0.9502591153166552
colour,False,95,COOH_S3,COOH,small,2.5,0.7328753328959166,1.793538466014898,0.5368184782519182
colour,False,96,PEG_control,PEG,control,2.5,1.081366342541353,2.284405024636866,-0.1199480471132942
colour,False,97,COOH_control,COOH,control,2.5,0.9300344674876592,1.91843671029089,-0.3894363194825568
colour,False,98,PEG_L1,PEG,large,3.0,1.7125474502053,3.31719575845666,0.8739561641582928
colour,False,99,PEG_L2,PEG,large,3.0,1.6742824905126652,3.3758753228366496,0.8812608530915328
colour,False,100,PEG_S1,PEG,small,3.0,1.105246296261995,2.6591078290105674,0.6524935484936172
colour,False,101,PEG_S2,PEG,small,3.0,1.4609278247167503,3.16843883503122,0.3452729578774364
colour,False,102,COOH_L1,COOH,large,3.0,1.6325075364729311,3.266282107126029,0.8325950406680819
colour,False,103,COOH_L2,COOH,large,3.0,1.7020684497253968,3.3040693862194996,0.7897061978340221
colour,False,104,COOH_S1,COOH,small,3.0,1.0471600179414655,2.2645020003333896,0.7275339367392893
colour,False,105,COOH_S2,COOH,small,3.0,1.1329595258048186,2.908213067339069,0.6653666808964581
colour,False,106,PEG_L3,PEG,large,3.0,1.7073648819628071,3.3062177082644815,0.8830958458419237
colour,False,107,PEG_S3,PEG,small,3.0,0.7935236314583505,1.9828759163093228,0.5936465425095389
colour,False,108,COOH_L3,COOH,large,3.0,1.6548699511886134,3.13517658901985,0.913570465240603
colour,False,109,COOH_S3,COOH,small,3.0,0.7498529980863688,1.8073132537454988,0.655926162055204
colour,False,110,PEG_control,PEG,control,3.0,0.9810437097727804,2.189706466258118,-0.0760579250954956
colour,False,111,COOH_control,COOH,control,3.0,0.9201726149931886,1.9179153572937575,-0.4070581975914346
colour,False,112,PEG_L1,PEG,large,3.5,1.7714984302354355,3.3642985292870016,0.9094493939242104
colour,False,113,PEG_L2,PEG,large,3.5,1.7050099043739115,3.41987696491174,0.8804236387095753
colour,False,114,PEG_S1,PEG,small,3.5,1.1679358988054032,2.7152096729715844,0.6573494702883984
colour,False,115,PEG_S2,PEG,small,3.5,1.4284723677409246,3.115233063072394,0.5329615799397407
colour,False,116,COOH_L1,COOH,large,3.5,1.4177049401774284,2.6991389572216877,0.7393625900890928
colour,False,117,COOH_L2,COOH,large,3.5,1.7586687946729462,3.370698384111262,0.8217289377467494
colour,False,118,COOH_S1,COOH,small,3.5,1.0484673360481072,2.3411452417702967,0.6137624917128366
colour,False,119,COOH_S2,COOH,small,3.5,1.3783518420716003,2.538590925164656,0.8998645929388494
colour,False,120,PEG_L3,PEG,large,3.5,1.7420473979667406,3.3369583903381352,0.8680555150958644
colour,False,121,PEG_S3,PEG,small,3.5,0.9285935220410624,2.0441146723067334,0.261014277686514
colour,False,122,COOH_L3,COOH,large,3.5,1.5247939193953957,3.09864522555856,0.9538777780593416
colour,False,123,COOH_S3,COOH,small,3.5,0.7824850078166341,1.7636841812312147,0.643250875510165
colour,False,124,PEG_control,PEG,control,3.5,1.009730618278459,2.152550423975974,-0.2313395192572562
colour,False,125,COOH_control,COOH,control,3.5,0.8020814520399607,1.830648327009314,-0.1885837211338208
colour,False,126,PEG_L1,PEG,large,4.0,1.8304479526304769,3.409048644181288,0.8731947773663598
colour,False,127,PEG_L2,PEG,large,4.0,1.844503098787657,3.4660855551605647,0.8791467586017101
colour,False,128,PEG_S1,PEG,small,4.0,1.174029090233982,3.0611354560460047,0.0156141215403197
colour,False,129,PEG_S2,PEG,small,4.0,1.4940025392111846,3.194528905524177,0.4423348642995774
colour,False,130,COOH_L1,COOH,large,4.0,1.6950243934157696,3.337148476916103,0.8411943850338044
colour,False,131,COOH_L2,COOH,large,4.0,1.8422224095567088,3.4042536973170145,0.7086270391422984
colour,False,132,COOH_S1,COOH,small,4.0,1.089568433875688,2.388879823337983,0.5988257404292187
colour,False,133,COOH_S2,COOH,small,4.0,1.197206643965271,2.6620904778058763,0.6695551144064085
colour,False,134,PEG_L3,PEG,large,4.0,1.6204100079054011,3.283965745357766,0.916575890465984
colour,False,135,PEG_S3,PEG,small,4.0,0.8845557090528807,2.034861744249253,0.5114172325820661
colour,False,136,COOH_L3,COOH,large,4.0,1.572283960521919,3.127628297825631,0.9492542120316492
colour,False,137,COOH_S3,COOH,small,4.0,0.7973907217563838,1.7487811051892714,0.7373410235056678
colour,False,138,PEG_control,PEG,control,4.0,0.93371333264207,2.116510970286315,-0.0925535174320008
colour,False,139,COOH_control,COOH,control,4.0,0.7705989290589369,1.830736206055266,-0.1468492117990952
colour,False,140,PEG_L1,PEG,large,4.5,1.8697456984437424,3.444342780654012,0.7512591385973791
colour,False,141,PEG_L2,PEG,large,4.5,1.7892168131658668,3.46665751074616,0.8645846502613969
colour,False,142,PEG_S1,PEG,small,4.5,1.344733393727001,2.856790687919464,0.8429861766899873
colour,False,143,PEG_S2,PEG,small,4.5,1.4660096431726437,3.1358152615127346,0.4989191459277645
colour,False,144,COOH_L1,COOH,large,4.5,1.8013779811502229,3.369917166795952,0.8462787585246925
colour,False,145,COOH_L2,COOH,large,4.5,1.7206399787768154,3.381989652577156,0.836610403380304
colour,False,146,COOH_S1,COOH,small,4.5,1.1885392185441228,2.437348526691941,0.7115040777804309
colour,False,147,COOH_S2,COOH,small,4.5,1.2331835337840855,2.785981521999761,0.7533166863391164
colour,False,148,PEG_L3,PEG,large,4.5,1.5931950269573136,3.281597554659175,0.9220576183025896
colour,False,149,PEG_S3,PEG,small,4.5,0.8757223924351005,1.9658188896152469,0.5629702567042357
colour,False,150,COOH_L3,COOH,large,4.5,1.575605193067286,3.140350386879332,0.9390534489327532
colour,False,151,COOH_S3,COOH,small,4.5,0.8561290183452902,1.8401638915318748,0.7900394542273729
colour,False,152,PEG_control,PEG,control,4.5,0.8253232375373638,2.0094225618402395,0.0363559321921082
colour,False,153,COOH_control,COOH,control,4.5,0.8468850613937692,1.8856390628393145,-0.3132119971861802
colour,False,154,PEG_L1,PEG,large,5.0,1.9221667411799743,3.4731078033378444,0.7378158239811297
colour,False,155,PEG_L2,PEG,large,5.0,1.8133079626798971,3.4885947576930167,0.8806349101230766
colour,False,156,PEG_S1,PEG,small,5.0,1.2491392393090766,2.691244761872139,0.745058136369418
colour,False,157,PEG_S2,PEG,small,5.0,1.4691446374603216,3.1546244603772875,0.5114320706012218
colour,False,158,COOH_L1,COOH,large,5.0,1.8218086468979255,3.3760991998887744,0.8408091408773329
colour,False,159,COOH_L2,COOH,large,5.0,1.7728238607179911,3.414442085824985,0.7914982982940124
colour,False,160,COOH_S1,COOH,small,5.0,1.263317667733738,2.5826517009297247,0.6584337710082857
colour,False,161,COOH_S2,COOH,small,5.0,1.302334844827658,2.8554839831265606,0.7475558878397217
colour,False,162,PEG_L3,PEG,large,5.0,1.7076411550685695,3.335785046455055,0.910279025598252
colour,False,163,COOH_L3,COOH,large,5.0,1.5191071936273928,3.113033942035702,0.9443296523686736
colour,False,164,COOH_S3,COOH,small,5.0,1.1335252842241632,2.605501216215106,0.7441728832802004
colour,False,165,PEG_control,PEG,control,5.0,0.8551043247451356,2.027218508943397,-0.0316694076311479
colour,False,166,COOH_control,COOH,control,5.0,0.8434289418462568,1.8193149399895945,-0.2406176363846752
colour,False,167,PEG_S3,PEG,small,5.0,0.8761928000872996,1.992697967818648,0.739989648756985
colour,False,168,PEG_L1,PEG,large,5.5,1.941195288217247,3.4823686938860496,0.7338038755767528
colour,False,169,PEG_L2,PEG,large,5.5,1.838589007349096,3.4856471771875364,0.8853999960261233
colour,False,170,PEG_S1,PEG,small,5.5,1.316481136968687,2.977903873500371,0.718441244255196
colour,False,171,PEG_S2,PEG,small,5.5,1.4871154928330153,3.158670513899114,0.5473505973558106
colour,False,172,COOH_L1,COOH,large,5.5,1.814634921687693,3.3803942734093297,0.8171029645585515
colour,False,173,COOH_L2,COOH,large,5.5,1.775886491682383,3.401151701477887,0.7781307024979722
colour,False,174,COOH_S1,COOH,small,5.5,1.288737274635214,2.6380370842963536,0.6225419203227595
colour,False,175,COOH_S2,COOH,small,5.5,1.3818233318881634,2.8951217071280997,0.7864632238621198
colour,False,177,COOH_L3,COOH,large,5.5,1.6261855583267038,3.16431269158204,0.9278447223218392
colour,False,178,COOH_S3,COOH,small,5.5,1.0714380127025347,2.3700135750894025,0.8435432623077405
colour,False,180,PEG_control,PEG,control,5.5,0.8602554606409141,2.08041676664967,-0.0281656861303376
colour,False,181,COOH_control,COOH,control,5.5,1.0971117592243445,2.700846903388745,0.4542415118429486
colour,False,182,PEG_L1,PEG,large,6.0,2.000705794935157,3.4828970688909333,0.714422397555574
colour,False,183,PEG_L2,PEG,large,6.0,1.8608963870813304,3.4991482039245487,0.879080630925125
colour,False,184,PEG_S1,PEG,small,6.0,1.3231639876243118,2.938226627636245,0.7205556100055641
colour,False,185,PEG_S2,PEG,small,6.0,1.368115568742156,2.959821779573809,0.7624703794182346
colour,False,186,COOH_L1,COOH,large,6.0,1.8361115493644553,3.3845410277069665,0.8051491020216139
colour,False,187,COOH_L2,COOH,large,6.0,1.663285005627258,3.3578834328735865,0.8638844948249352
colour,False,188,COOH_S1,COOH,small,6.0,1.3998575229309358,2.70030374874484,0.6835402422833168
colour,False,189,COOH_S2,COOH,small,6.0,1.5430848505057666,2.9459791001382207,0.8511869831041619
colour,False,190,PEG_L3,PEG,large,6.0,1.744241698857239,3.3639411788215785,0.900159319584132
colour,False,191,COOH_L3,COOH,large,6.0,1.5413117094565223,3.1226365573919845,0.9444533917255586
colour,False,192,COOH_S3,COOH,small,6.0,1.1301001883396815,2.4702205464667126,0.8214699214097689
colour,False,193,PEG_S3,PEG,small,6.0,0.9181281172062932,2.0162490284135073,0.7112304723875986
colour,False,194,COOH_control,COOH,control,6.0,0.7946615204371328,1.72432137403945,-0.4371119313169995
colour,False,195,PEG_control,PEG,control,6.0,0.8157787943146841,2.0339341279326426,0.1072089622059702
colour,True,0,PEG_L1,PEG,large,0.0,1.1741352402934215,2.318109888349719,-0.2088003538195664
colour,True,1,PEG_L2,PEG,large,0.0,1.0089365433949349,2.4660109946434505,0.4579288728469146
colour,True,2,PEG_S1,PEG,small,0.0,0.6777893886620393,1.835825667084096,0.2680928070241302
colour,True,3,PEG_S2,PEG,small,0.0,1.2627950894808846,2.655394024081368,0.1560187936712986
colour,True,4,COOH_L1,COOH,large,0.0,0.9246806088456212,2.0306846676262613,-0.092827679781219
colour,True,5,COOH_L2,COOH,large,0.0,0.8987843967800596,1.903100752654228,-0.3516296946082843
colour,True,6,COOH_S1,COOH,small,0.0,0.8350390992524216,1.7990930344345395,0.0860149571599721
colour,True,7,COOH_S2,COOH,small,0.0,1.0431390279289456,2.24228282555191,-0.5897307186810576
colour,True,8,PEG_L1,PEG,large,0.0,1.4506512863284051,3.0547485345132483,0.287091141244466
colour,True,9,PEG_L2,PEG,large,0.0,1.4868756706656416,3.243814140541844,0.4591649329739636
colour,True,10,PEG_S1,PEG,small,0.0,0.8675180998465342,1.8752298197683337,0.0138947719864045
colour,True,11,PEG_S2,PEG,small,0.0,1.3370355017949034,2.8304295684655463,0.2840455354969282
colour,True,12,COOH_L1,COOH,large,0.0,1.1655759948466196,2.9514842233970935,0.4192926606014939
colour,True,13,COOH_L2,COOH,large,0.0,1.103161267689124,2.719463847434971,0.2700964635476762
colour,True,14,COOH_S1,COOH,small,0.0,0.8183089254262691,1.7436315890822809,0.4064963876398313
colour,True,15,COOH_S2,COOH,small,0.0,1.034291714869493,2.187096712381266,0.1878794110712927
colour,True,16,PEG_L3,PEG,large,0.0,0.9628606985832548,1.9874058719859011,-0.6073631897770283
colour,True,17,PEG_S3,PEG,small,0.0,0.997754357422485,1.9909278530805463,0.0953953556613633
colour,True,18,COOH_L3,COOH,large,0.0,1.1121404481114567,2.171871002055573,-0.0714490112544085
colour,True,19,COOH_S3,COOH,small,0.0,1.0552349718464364,2.166442322255399,0.124798271407729
colour,True,20,PEG_control,PEG,control,0.0,1.4190355734114546,2.8122495968889316,0.1769186361880704
colour,True,21,COOH_control,COOH,control,0.0,0.95246528767324,2.0451192757916083,-0.0509024787825285
colour,True,22,PEG_L3,PEG,large,0.0,1.548377885865001,3.1979406095541942,0.5874863500725872
colour,True,23,PEG_S3,PEG,small,0.0,1.0058805610096415,2.0897683465164594,0.2280193572267363
colour,True,24,COOH_L3,COOH,large,0.0,1.481066626395336,3.042992940875408,0.4010754597092754
colour,True,25,COOH_S3,COOH,small,0.0,1.0639380337281656,2.2291335224908893,0.1886785861043939
colour,True,26,PEG_control,PEG,control,0.0,1.2160779826953814,2.625495956415718,0.1518779334213944
colour,True,27,COOH_control,COOH,control,0.0,0.8503904542307876,1.982546372826845,0.0527708189554602
colour,True,28,PEG_L1,PEG,large,0.5,1.477537539700843,3.32659376029751,0.5566548182746811
colour,True,29,PEG_L2,PEG,large,0.5,1.1111733408452251,2.9512667597631324,0.7978004134019443
colour,True,30,PEG_S1,PEG,small,0.5,0.667611718141932,1.7872625463344665,0.3655008386871985
colour,True,31,PEG_S2,PEG,small,0.5,1.4547626033947254,3.0659083907685885,0.0190893928156742
colour,True,32,COOH_L1,COOH,large,0.5,1.1181903845392436,2.626419643709748,0.2451233178320966
colour,True,33,COOH_L2,COOH,large,0.5,0.9869176918743652,2.562490693315876,0.7512304256240143
colour,True,34,COOH_S1,COOH,small,0.5,0.6821492655394447,1.4716930233444865,0.353921673975526
colour,True,35,COOH_S2,COOH,small,0.5,0.784494296865156,2.1589459844417664,0.6509726517870834
colour,True,36,PEG_L3,PEG,large,0.5,1.4779387240168196,3.181880103701846,0.734889037388131
colour,True,37,PEG_S3,PEG,small,0.5,0.954571272296472,2.102619270107283,0.2481602261119918
colour,True,38,COOH_L3,COOH,large,0.5,1.3092869397679985,3.01754694195441,0.7301850661685307
colour,True,39,COOH_S3,COOH,small,0.5,0.915752134392164,2.1713550097302807,0.3508694251771697
colour,True,40,PEG_control,PEG,control,0.5,1.172004655681594,2.474039400366985,0.000656134391791
colour,True,41,COOH_control,COOH,control,0.5,0.7943453704907746,1.9227050781250004,0.117363479074811
colour,True,42,PEG_L1,PEG,large,1.0,1.3833812455275278,3.230109587580648,0.7138291916675983
colour,True,43,PEG_L2,PEG,large,1.0,1.207802898187483,2.9071949964870023,0.8590370798121636
colour,True,44,PEG_S1,PEG,small,1.0,0.6861076771246903,1.7369943460635806,0.4899207220045364
colour,True,45,PEG_S2,PEG,small,1.0,1.4117059171412685,3.036099492863492,0.1523976452846605
colour,True,46,COOH_L1,COOH,large,1.0,1.1912143708488945,3.014584161872189,0.7672017479434872
colour,True,47,COOH_L2,COOH,large,1.0,1.0451664012450124,2.444912202872236,0.8117907224587901
colour,True,48,COOH_S1,COOH,small,1.0,0.7516222355144304,1.6181064447966196,0.5311239825837868
colour,True,49,COOH_S2,COOH,small,1.0,0.8383028486959084,2.1647764298829353,0.755505412834023
colour,True,50,PEG_L3,PEG,large,1.0,1.3686188670228014,3.0836530833333335,0.815350119781662
colour,True,51,PEG_S3,PEG,small,1.0,0.8303503862031676,2.0887158163083397,0.5008742361902303
colour,True,52,COOH_L3,COOH,large,1.0,1.2016720940362695,2.833050346630299,0.8622618095531045
colour,True,53,COOH_S3,COOH,small,1.0,0.828874020686678,2.071711013412634,0.5037073203732748
colour,True,54,PEG_control,PEG,control,1.0,1.1376222334474244,2.431581937332063,0.0537387081769624
colour,True,55,COOH_control,COOH,control,1.0,0.72671032402572,1.8362443570518068,0.1819985150955423
colour,True,56,PEG_L1,PEG,large,1.5,1.4705571761076477,3.253819051510961,0.7579541214892241
colour,True,57,PEG_L2,PEG,large,1.5,1.3730869292977992,3.066666883737085,0.8465210903799172
colour,True,58,PEG_S1,PEG,small,1.5,0.8298754508116534,2.011084403200298,0.5000132481311117
colour,True,59,PEG_S2,PEG,small,1.5,1.4519017102917355,3.132094078283578,0.109376504622287
colour,True,60,COOH_L1,COOH,large,1.5,1.1202139512086442,2.559151928675401,0.6581942820557057
colour,True,61,COOH_L2,COOH,large,1.5,1.2421074758736803,2.727082261692235,0.8318105942687304
colour,True,62,COOH_S1,COOH,small,1.5,0.8901383465193436,2.166460406844771,0.3996723142631358
colour,True,63,COOH_S2,COOH,small,1.5,0.9664671635974116,2.472545122289199,0.7183700960454674
colour,True,64,PEG_L3,PEG,large,1.5,1.4134310288045595,3.0751959787120375,0.8600821277010358
colour,True,65,PEG_S3,PEG,small,1.5,0.8738867464311009,2.131678307042141,0.4069759724762605
colour,True,66,COOH_L3,COOH,large,1.5,1.2924062354485963,2.766680145980047,0.90778641652662
colour,True,67,COOH_S3,COOH,small,1.5,0.9153782142410656,2.1257233890517027,0.3513890087993179
colour,True,68,PEG_control,PEG,control,1.5,1.0852617372334077,2.4026588232646335,0.0982650563992485
colour,True,69,COOH_control,COOH,control,1.5,0.8995363115764948,1.9326047229274277,-0.2167594208489858
colour,True,70,PEG_L1,PEG,large,2.0,1.5273543423274756,3.154817225301503,0.8339108827319995
colour,True,71,PEG_L2,PEG,large,2.0,1.4927948132460616,3.176717448235443,0.8651634350785845
colour,True,72,PEG_S1,PEG,small,2.0,0.971412934702965,2.446526047392208,0.6532345985930953
colour,True,73,PEG_S2,PEG,small,2.0,1.5413045015223883,3.2628016043393866,0.2170765873187382
colour,True,74,COOH_L1,COOH,large,2.0,1.4519962634882218,2.79468764738939,0.8421105602034226
colour,True,75,COOH_L2,COOH,large,2.0,1.5147513088957982,3.1429114546368586,0.7896382401043682
colour,True,76,COOH_S1,COOH,small,2.0,0.9561907897520284,2.1298495549813388,0.6090255906827376
colour,True,77,COOH_S2,COOH,small,2.0,0.9889860972567384,2.596675168034856,0.7177697620936838
colour,True,78,PEG_L3,PEG,large,2.0,1.5245788131797111,3.1362577293926535,0.8473344285115432
colour,True,79,PEG_S3,PEG,small,2.0,0.9699462174105808,2.1880570388984877,0.2221449231214727
colour,True,80,COOH_L3,COOH,large,2.0,1.4034991189939277,2.898677545041916,0.9488696185508936
colour,True,81,COOH_S3,COOH,small,2.0,0.7491575688022338,1.881375321374921,0.6099926472007595
colour,True,82,PEG_control,PEG,control,2.0,1.0248113125738587,2.3240152384436725,0.1228996233055584
colour,True,83,COOH_control,COOH,control,2.0,0.73311081418007,1.8533720396247464,0.1447619920973167
colour,True,84,PEG_L1,PEG,large,2.5,1.3043498362237709,2.549176285742632,0.7510833733883545
colour,True,85,PEG_L2,PEG,large,2.5,1.7293997726009074,3.328769292738321,0.9011588847011568
colour,True,86,PEG_S1,PEG,small,2.5,1.1073058614640194,2.8066513215697766,0.6054315952060275
colour,True,87,PEG_S2,PEG,small,2.5,1.434567597974327,3.138993956815422,0.4684743399320931
colour,True,88,COOH_L1,COOH,large,2.5,1.2993521663306746,2.5620454271073676,0.6758068555724539
colour,True,89,COOH_L2,COOH,large,2.5,1.61988994203624,3.308135126742295,0.5512909335633811
colour,True,90,COOH_S1,COOH,small,2.5,0.952034159204686,2.174385118943247,0.6331788152989326
colour,True,91,COOH_S2,COOH,small,2.5,1.0676702471992752,2.758043596300708,0.6995212127050183
colour,True,92,PEG_L3,PEG,large,2.5,1.5790388228448191,3.172609266134947,0.8922222862097134
colour,True,93,PEG_S3,PEG,small,2.5,0.8183356750992922,2.068164210772196,0.5376587181776366
colour,True,94,COOH_L3,COOH,large,2.5,1.4910194264330916,3.0075586941136656,0.9566392782182628
colour,True,95,COOH_S3,COOH,small,2.5,0.7394103750283181,1.8004201004563063,0.5417059156018422
colour,True,96,PEG_control,PEG,control,2.5,1.0207865653480352,2.287586462249565,0.0321055451799614
colour,True,97,COOH_control,COOH,control,2.5,0.9300577995305084,1.9184545301533729,-0.3893644713323526
colour,True,98,PEG_L1,PEG,large,3.0,1.712565443401891,3.3171746557429405,0.8740691578873306
colour,True,99,PEG_L2,PEG,large,3.0,1.6742902018349624,3.3758777278207304,0.881332860966458
colour,True,100,PEG_S1,PEG,small,3.0,1.1051925752292413,2.659167348157379,0.6523267596221821
colour,True,101,PEG_S2,PEG,small,3.0,1.4640345655568223,3.18330589698566,0.3936327610329603
colour,True,102,COOH_L1,COOH,large,3.0,1.3723228821448172,2.6598232608520886,0.7382614454012532
colour,True,103,COOH_L2,COOH,large,3.0,1.7020932777789144,3.30408833298399,0.7896786213718864
colour,True,104,COOH_S1,COOH,small,3.0,1.0472372667345655,2.265041134775412,0.7274597417603351
colour,True,105,COOH_S2,COOH,small,3.0,1.1329778357675775,2.908215189623127,0.6652976738283214
colour,True,106,PEG_L3,PEG,large,3.0,1.6978687927133806,3.2896745372801264,0.874236710111295
colour,True,107,PEG_S3,PEG,small,3.0,0.8025225633723884,1.9935873251511311,0.5620984570902211
colour,True,108,COOH_L3,COOH,large,3.0,1.6345891070218463,3.1247344845906024,0.9321938937950948
colour,True,109,COOH_S3,COOH,small,3.0,0.7499491467947976,1.8076112723521764,0.6659657634621224
colour,True,110,PEG_control,PEG,control,3.0,0.9508958181492742,2.1992451901493397,0.0170823203745677
colour,True,111,COOH_control,COOH,control,3.0,0.9201199482624416,1.917560341034104,-0.4070258354032498
colour,True,112,PEG_L1,PEG,large,3.5,1.771505067260693,3.36430196028526,0.9094064638286607
colour,True,113,PEG_L2,PEG,large,3.5,1.7050103432744848,3.419888802360428,0.8804486458445873
colour,True,114,PEG_S1,PEG,small,3.5,1.167955786071318,2.715228999022336,0.6573428179006102
colour,True,115,PEG_S2,PEG,small,3.5,1.416074404232919,3.1055606275392025,0.5880891893260949
colour,True,116,COOH_L1,COOH,large,3.5,1.4177295152063183,2.6991816802541617,0.7394111650676926
colour,True,117,COOH_L2,COOH,large,3.5,1.7587385142341494,3.3707214018079137,0.8216511189317559
colour,True,118,COOH_S1,COOH,small,3.5,1.0484574253933026,2.341047303878597,0.613711127270884
colour,True,119,COOH_S2,COOH,small,3.5,1.3867149710539644,2.5465259522532193,0.900577444448599
colour,True,120,PEG_L3,PEG,large,3.5,1.7352646930709097,3.320399161265727,0.8630187573723617
colour,True,121,PEG_S3,PEG,small,3.5,0.9145635799463756,2.0477603765475516,0.3002564212515098
colour,True,122,COOH_L3,COOH,large,3.5,1.524781830052833,3.098631133659703,0.954045643238064
colour,True,123,COOH_S3,COOH,small,3.5,0.7785894204209909,1.7595805114883882,0.6651125887360679
colour,True,124,PEG_control,PEG,control,3.5,0.9725724563975982,2.1635844533847655,-0.1242908832978075
colour,True,125,COOH_control,COOH,control,3.5,0.7818061816412928,1.815238708351468,-0.1433570825031071
colour,True,126,PEG_L1,PEG,large,4.0,1.830475844746162,3.4091185847917083,0.872379014861484
colour,True,127,PEG_L2,PEG,large,4.0,1.7729753961832195,3.4540926608784233,0.8763451769034482
colour,True,128,PEG_S1,PEG,small,4.0,1.1741701417488934,3.061082876311166,0.0156496183868027
colour,True,129,PEG_S2,PEG,small,4.0,1.5007608260325302,3.2077749520631524,0.4853526104487891
colour,True,130,COOH_L1,COOH,large,4.0,1.694996669285607,3.3371421903410896,0.84124362230605
colour,True,131,COOH_L2,COOH,large,4.0,1.8422257228781809,3.404252076634513,0.7086503246528878
colour,True,132,COOH_S1,COOH,small,4.0,1.0903105366146983,2.3911746000798453,0.5983583206704448
colour,True,133,COOH_S2,COOH,small,4.0,1.1971653569992446,2.661991167730858,0.6696231400786777
colour,True,134,PEG_L3,PEG,large,4.0,1.6301500737533858,3.273555339202643,0.9151094827552078
colour,True,135,PEG_S3,PEG,small,4.0,0.9067326073218104,2.0093704141943194,0.4060213422707888
colour,True,136,COOH_L3,COOH,large,4.0,1.5723000161583292,3.127641086214714,0.94931568203949
colour,True,137,COOH_S3,COOH,small,4.0,0.7926981086790038,1.7430339019176404,0.7582580460366458
colour,True,138,PEG_control,PEG,control,4.0,0.8966469443155404,2.118749731986836,0.0173022138367469
colour,True,139,COOH_control,COOH,control,4.0,0.7716967235988371,1.832701663639288,-0.1464946704412493
colour,True,140,PEG_L1,PEG,large,4.5,1.8696883167718163,3.4443152098876886,0.7513519937813744
colour,True,141,PEG_L2,PEG,large,4.5,1.7891753854395591,3.46661492441656,0.864535002012616
colour,True,142,PEG_S1,PEG,small,4.5,1.344678774314785,2.856606445257845,0.8428647524787166
colour,True,143,PEG_S2,PEG,small,4.5,1.486577589727273,3.194118910549959,0.4521454858830708
colour,True,144,COOH_L1,COOH,large,4.5,1.801365320716202,3.3699156800036296,0.8463064987946223
colour,True,145,COOH_L2,COOH,large,4.5,1.7206429161299464,3.3819885819133773,0.8366991478062131
colour,True,146,COOH_S1,COOH,small,4.5,1.1885892878181197,2.437522075196438,0.7115966248441149
colour,True,147,COOH_S2,COOH,small,4.5,1.23320582732397,2.7860758102545664,0.7533038075288645
colour,True,148,PEG_L3,PEG,large,4.5,1.614548452996742,3.2756170954574975,0.9213835861944264
colour,True,149,PEG_S3,PEG,small,4.5,0.87815892792441,1.9718428374997052,0.5515639736119617
colour,True,150,COOH_L3,COOH,large,4.5,1.5755445835521658,3.140325823281162,0.939129812369748
colour,True,151,COOH_S3,COOH,small,4.5,0.8523598461889573,1.8381779291656408,0.8103478193415657
colour,True,152,PEG_control,PEG,control,4.5,0.8055482118261265,2.0178760233538413,0.1232877778696143
colour,True,153,COOH_control,COOH,control,4.5,0.8439809861218462,1.8835909868285563,-0.3018560180593585
colour,True,154,PEG_L1,PEG,large,5.0,1.9221325767617483,3.4731004759818203,0.7377991948646516
colour,True,155,PEG_L2,PEG,large,5.0,1.8132955786880252,3.48858148603702,0.8806224363079879
colour,True,156,PEG_S1,PEG,small,5.0,1.2491765311840357,2.6913685379275707,0.7450115712530979
colour,True,157,PEG_S2,PEG,small,5.0,1.477456428982013,3.1713133813381345,0.5503966862362072
colour,True,158,COOH_L1,COOH,large,5.0,1.8218111853229495,3.3761039502717836,0.8408225905320625
colour,True,159,COOH_L2,COOH,large,5.0,1.772840680948732,3.4144496362836216,0.7915107744395825
colour,True,160,COOH_S1,COOH,small,5.0,1.25751257846052,2.579853173039023,0.6534409347694586
colour,True,161,COOH_S2,COOH,small,5.0,1.3024746773879163,2.855907611497809,0.7473398162876539
colour,True,162,PEG_L3,PEG,large,5.0,1.709081484560739,3.3215405461445364,0.9067696003641214
colour,True,163,COOH_L3,COOH,large,5.0,1.519080288291297,3.1130209238448323,0.9443511817385086
colour,True,164,COOH_S3,COOH,small,5.0,1.122605041076684,2.5888345836174893,0.8041303511151512
colour,True,165,PEG_control,PEG,control,5.0,0.7998821958051647,2.011041485895778,0.0885716722950226
colour,True,166,COOH_control,COOH,control,5.0,0.8430419076438455,1.818174934593376,-0.2404929141839217
colour,True,167,PEG_S3,PEG,small,5.0,0.8726946916873074,1.989915160698919,0.7451171204067465
colour,True,168,PEG_L1,PEG,large,5.5,1.9411778435816716,3.4823550064163036,0.7338424847342856
colour,True,169,PEG_L2,PEG,large,5.5,1.8385637783773727,3.48563691806717,0.8854091594487493
colour,True,170,PEG_S1,PEG,small,5.5,1.316469684926863,2.9778306846516664,0.7184139875242632
colour,True,171,PEG_S2,PEG,small,5.5,1.4935682769267575,3.175045676947851,0.5812872749495964
colour,True,172,COOH_L1,COOH,large,5.5,1.8146639764107864,3.380405426254078,0.8169942696966028
colour,True,173,COOH_L2,COOH,large,5.5,1.775897106694813,3.401156741514314,0.7781327436828501
colour,True,174,COOH_S1,COOH,small,5.5,1.288758918982794,2.6380008466143456,0.6225462918993229
colour,True,175,COOH_S2,COOH,small,5.5,1.674449213309817,2.9392040116240965,0.9100589134207244
colour,True,176,PEG_L3,PEG,large,5.5,1.7579527106963082,3.3604875863993584,0.894887203474784
colour,True,177,COOH_L3,COOH,large,5.5,1.626198015030592,3.1643207182143773,0.9277737539596138
colour,True,178,COOH_S3,COOH,small,5.5,1.071548985818788,2.370477743794655,0.8502489591238618
colour,True,179,PEG_S3,PEG,small,5.5,0.8879907450603202,2.0240556484578227,0.7048861585721168
colour,True,180,PEG_control,PEG,control,5.5,0.8097217173419646,2.0764557236176584,0.0985203423917937
colour,True,181,COOH_control,COOH,control,5.5,1.0959944482682693,2.6986180928228007,0.4546232852948399
colour,True,182,PEG_L1,PEG,large,6.0,2.000690187555086,3.4828866628866635,0.7144393903451816
colour,True,183,PEG_L2,PEG,large,6.0,1.860825216194611,3.499125674905718,0.8790801370034592
colour,True,184,PEG_S1,PEG,small,6.0,1.3231286902137382,2.93825800390293,0.7204951104890075
colour,True,185,PEG_S2,PEG,small,6.0,1.373517808670243,2.9738773336364224,0.7741828129458121
colour,True,186,COOH_L1,COOH,large,6.0,1.836113078138616,3.3845380007660917,0.80515406210755
colour,True,187,COOH_L2,COOH,large,6.0,1.6633049690532884,3.357890242330498,0.8638420711923319
colour,True,188,COOH_S1,COOH,small,6.0,1.3995067555895258,2.699285661121656,0.6841168629845428
colour,True,189,COOH_S2,COOH,small,6.0,1.5333501573226307,2.944703351016378,0.845696755899483
colour,True,190,PEG_L3,PEG,large,6.0,1.7442302532882927,3.349224809071746,0.8943835413141555
colour,True,191,COOH_L3,COOH,large,6.0,1.541298834958198,3.1226302300603206,0.944568321731965
colour,True,192,COOH_S3,COOH,small,6.0,1.1300654794546123,2.4701114343444184,0.8311891971433679
colour,True,193,PEG_S3,PEG,small,6.0,0.9163739487156306,2.0225225504250517,0.7171849496530059
colour,True,194,COOH_control,COOH,control,6.0,0.7931630862558381,1.7177255775973468,-0.4306360857639145
colour,True,195,PEG_control,PEG,control,6.0,0.7740349269138904,2.017571506862094,0.2245410287872718
corners,False,0,PEG_L1,PEG,large,0.0,0.9091866866820671,2.3805730083402037,0.4762954860245883
corners,False,1,PEG_L2,PEG,large,0.0,1.194568533479565,2.554551815346386,0.0657385212160121
corners,False,2,PEG_S1,PEG,small,0.0,0.8286540198935675,1.927679284337509,0.0858462410336598
corners,False,3,PEG_S2,PEG,small,0.0,1.2508624152784025,2.6750137050496483,0.2297683751347758
corners,False,4,COOH_L1,COOH,large,0.0,0.9386952528414936,2.0651530930386546,0.0107260930489589
corners,False,5,COOH_L2,COOH,large,0.0,0.8726051066214869,1.895464797228406,0.0494818753152805
corners,False,6,COOH_S1,COOH,small,0.0,0.8782019301737752,1.8434248339874637,0.2484958715882076
corners,False,7,COOH_S2,COOH,small,0.0,0.8997100779851108,1.865116446000454,-0.4999775310117137
corners,False,8,PEG_L1,PEG,large,0.0,1.469625300579284,4.117474613661216,0.3281332739153629
corners,False,9,PEG_L2,PEG,large,0.0,1.4835880358932878,3.351659072321534,0.4681158264497073
corners,False,10,PEG_S1,PEG,small,0.0,1.026624975964231,2.1632151420716377,0.0848647364036235
corners,False,11,PEG_S2,PEG,small,0.0,1.5112423380665754,3.985672193598212,0.327891372882216
corners,False,12,COOH_L1,COOH,large,0.0,1.3766740684158625,3.835885224506187,0.4835467345919511
corners,False,13,COOH_L2,COOH,large,0.0,1.3202562970306273,4.068072126457251,0.2744686951368367
corners,False,14,COOH_S1,COOH,small,0.0,0.8651320928161399,1.8279363464920648,0.3811498699399561
corners,False,15,COOH_S2,COOH,small,0.0,1.0595410619363608,2.248485677016582,0.2039370094368812
corners,False,16,PEG_L3,PEG,large,0.0,0.9537376613423864,1.971035212804956,-0.6136032017118203
corners,False,17,PEG_S3,PEG,small,0.0,0.9346069686759608,1.971440396151506,0.2981997966160145
corners,False,18,COOH_L3,COOH,large,0.0,1.1389554968292257,2.2864942843863747,0.0839646765547676
corners,False,19,COOH_S3,COOH,small,0.0,1.034043468286763,2.1052955651933587,0.0797499837450362
corners,False,20,PEG_control,PEG,control,0.0,1.3468779196112812,2.6794816925142095,0.1551390204307179
corners,False,21,COOH_control,COOH,control,0.0,0.952209897035502,2.044608872928294,-0.0506210762124505
corners,False,22,PEG_L3,PEG,large,0.0,1.518932966325113,3.184432594458116,0.5709512316759644
corners,False,23,PEG_S3,PEG,small,0.0,1.006970746161443,2.0720189482961224,0.2140506275580258
corners,False,24,COOH_L3,COOH,large,0.0,1.620683371820555,3.462003372740221,0.4283490515762525
corners,False,25,COOH_S3,COOH,small,0.0,1.0389361716898815,2.180027887952405,0.1672630292553629
corners,False,26,PEG_control,PEG,control,0.0,1.2377419886724637,2.5461711497159487,0.0750874146254567
corners,False,27,COOH_control,COOH,control,0.0,0.8532240596139714,1.8501466797048631,-0.2110331505243813
corners,False,28,PEG_L1,PEG,large,0.5,1.5614652310209771,3.966638501658504,0.7276869685420343
corners,False,29,PEG_L2,PEG,large,0.5,1.3407472215371867,3.4320245461507675,0.7385199251211931
corners,False,30,PEG_S1,PEG,small,0.5,0.7203455429549864,1.5943833443672075,0.8234574001857269
corners,False,31,PEG_S2,PEG,small,0.5,1.447754192588244,3.7726608356502944,0.5118962237800074
corners,False,32,COOH_L1,COOH,large,0.5,1.3675521718848722,3.6772181325887385,0.711149190902609
corners,False,33,COOH_L2,COOH,large,0.5,1.3128481349616374,3.8111397229172463,0.7369096492852263
corners,False,34,COOH_S1,COOH,small,0.5,0.7694095426874634,1.7044595589927731,0.4576700280472398
corners,False,35,COOH_S2,COOH,small,0.5,0.8354513697302012,1.959764164977593,-0.2116791107464909
corners,False,36,PEG_L3,PEG,large,0.5,1.5631806260802803,3.3136453662527146,0.6842155499114835
corners,False,37,PEG_S3,PEG,small,0.5,0.9919537498748984,1.9556889847453731,-0.2747938642210109
corners,False,38,COOH_L3,COOH,large,0.5,1.2466568400323748,3.2243771604148,0.8185008650606785
corners,False,39,COOH_S3,COOH,small,0.5,0.8937484196100484,2.1103447502511847,0.3303699219582779
corners,False,40,PEG_control,PEG,control,0.5,1.1596615981395006,2.352427499611258,-0.1495936400762005
corners,False,41,COOH_control,COOH,control,0.5,0.7855574550377845,1.8399997859826172,-0.0188559571851359
corners,False,42,PEG_L1,PEG,large,1.0,1.4474230288345995,3.607621429250817,0.8915411214815278
corners,False,43,PEG_L2,PEG,large,1.0,1.3985197422085924,3.4580052999224833,0.7924507552290707
corners,False,44,PEG_S1,PEG,small,1.0,0.6651220524458268,1.6232710397537655,0.7263694194294982
corners,False,45,PEG_S2,PEG,small,1.0,1.4700500943166297,3.6399730023446466,0.5959197902211151
corners,False,46,COOH_L1,COOH,large,1.0,1.4069938672162574,3.646703865089218,0.7795018034654451
corners,False,47,COOH_L2,COOH,large,1.0,1.3625605142459338,3.7065138438309777,0.7920902210038083
corners,False,48,COOH_S1,COOH,small,1.0,0.8095515332121421,1.9163121745873497,0.4961009949105625
corners,False,49,COOH_S2,COOH,small,1.0,0.7743488364503585,1.963103439002392,0.1297770125250334
corners,False,50,PEG_L3,PEG,large,1.0,1.421751870905669,3.2118696521875316,0.7746590740315376
corners,False,51,PEG_S3,PEG,small,1.0,0.9613403903610612,1.9234281660692956,-0.3199887952113791
corners,False,52,COOH_L3,COOH,large,1.0,1.3797669054576431,3.273640939758113,0.8220931015899773
corners,False,53,COOH_S3,COOH,small,1.0,0.8148092090022239,2.0098390869729466,0.4480362586690305
corners,False,54,PEG_control,PEG,control,1.0,1.119171767320623,2.322080447103275,-0.0908247277480424
corners,False,55,COOH_control,COOH,control,1.0,0.735156701449622,1.773866397574151,0.0115026462865762
corners,False,56,PEG_L1,PEG,large,1.5,1.599614110298437,3.770246616152628,0.853349895307252
corners,False,57,PEG_L2,PEG,large,1.5,1.5399648695170662,3.5156483750961782,0.8034839809464798
corners,False,58,PEG_S1,PEG,small,1.5,0.7681797797809483,1.826645652262619,0.6107740036346392
corners,False,59,PEG_S2,PEG,small,1.5,1.4521029625295216,3.664371879015599,0.669802680008477
corners,False,60,COOH_L1,COOH,large,1.5,1.4886453222493423,3.561438033247928,0.8165228724394411
corners,False,61,COOH_L2,COOH,large,1.5,1.4934095223184798,3.61407381587146,0.8412510202214749
corners,False,62,COOH_S1,COOH,small,1.5,0.8519923214343874,2.566285966374198,0.0437029159080257
corners,False,63,COOH_S2,COOH,small,1.5,1.065636553963638,3.001376752780273,0.2289892058413583
corners,False,64,PEG_L3,PEG,large,1.5,1.4236738022505058,3.146315644335357,0.8161886525826547
corners,False,65,PEG_S3,PEG,small,1.5,0.9667185674460128,1.961409698298361,-0.2968816625914128
corners,False,66,COOH_L3,COOH,large,1.5,1.473363357924503,3.2122639720423702,0.8732882709487367
corners,False,67,COOH_S3,COOH,small,1.5,0.8317835642545427,2.042051689533468,0.4503872980547712
corners,False,68,PEG_control,PEG,control,1.5,1.1004818919964456,2.3085766260690623,-0.0884903016591338
corners,False,69,COOH_control,COOH,control,1.5,0.7763008944524112,1.818655768853964,-0.07104361114077
corners,False,70,PEG_L1,PEG,large,2.0,1.7223834080997584,3.641530331179696,0.9291348043528956
corners,False,71,PEG_L2,PEG,large,2.0,1.6134075331815931,3.429203676435663,0.8920210456153164
corners,False,72,PEG_S1,PEG,small,2.0,0.9634686641762612,2.3497317066832974,0.6681856703474653
corners,False,73,PEG_S2,PEG,small,2.0,1.5605231337558942,3.741456565380054,0.7111443728033698
corners,False,74,COOH_L1,COOH,large,2.0,1.6134800353920262,3.5999007747339284,0.8248201391968982
corners,False,75,COOH_L2,COOH,large,2.0,1.6973006513036908,3.6870015511501215,0.8289632473139387
corners,False,76,COOH_S1,COOH,small,2.0,0.9755591449717952,2.483603877145861,0.2378530271890835
corners,False,77,COOH_S2,COOH,small,2.0,1.0193083464235002,3.1192009330294574,0.3040721612038916
corners,False,78,PEG_L3,PEG,large,2.0,1.5004713858148897,3.1299517150855203,0.8478864031525064
corners,False,79,PEG_S3,PEG,small,2.0,0.9548861440454424,1.9720426607662052,-0.191199892601573
corners,False,80,COOH_L3,COOH,large,2.0,1.4963700608610977,3.186225005286779,0.9454951629866593
corners,False,81,COOH_S3,COOH,small,2.0,0.7356494865145661,1.8261064636662765,0.5628853349554886
corners,False,82,PEG_control,PEG,control,2.0,1.0700981087300794,2.2500606239349854,-0.0999834411396665
corners,False,83,COOH_control,COOH,control,2.0,0.7321035683252048,1.8511312387457657,0.1447233896371778
corners,False,84,PEG_L1,PEG,large,2.5,1.7816070397401942,3.740889243496003,0.9279069306354106
corners,False,85,PEG_L2,PEG,large,2.5,1.7615622829793516,3.5951300819995677,0.8674849019112768
corners,False,86,PEG_S1,PEG,small,2.5,1.0099340137602095,2.225807827601118,0.7169862085586931
corners,False,87,PEG_S2,PEG,small,2.5,1.636111047935494,3.7036226810022894,0.6710247728031072
corners,False,88,COOH_L1,COOH,large,2.5,1.763954714401999,3.6337140965348103,0.8312892486115179
corners,False,89,COOH_L2,COOH,large,2.5,1.8215631573330064,3.710261248006549,0.8205386244451167
corners,False,90,COOH_S1,COOH,small,2.5,1.0160249307478235,2.3770505412176224,0.5985234720874661
corners,False,91,COOH_S2,COOH,small,2.5,1.1786045588563268,3.2687275148985258,0.3585966388817747
corners,False,92,PEG_L3,PEG,large,2.5,1.5839181189577476,3.1793375447193126,0.8673128382479489
corners,False,93,PEG_S3,PEG,small,2.5,0.9004770267434589,1.889487542518691,-0.1782718089775224
corners,False,94,COOH_L3,COOH,large,2.5,1.5955592217610044,3.328851253616201,0.9519993534761326
corners,False,95,COOH_S3,COOH,small,2.5,0.7585791661282184,1.801406641126048,0.4379291326889358
corners,False,96,PEG_control,PEG,control,2.5,1.044854295515386,2.2229735953528236,-0.1327607269453831
corners,False,97,COOH_control,COOH,control,2.5,0.7525984987472423,1.7702139334037956,-0.0776023079668469
corners,False,98,PEG_L1,PEG,large,3.0,1.8996927064524047,3.813215060040027,0.9316564397435791
corners,False,99,PEG_L2,PEG,large,3.0,1.8569734865190952,3.680325660273407,0.8573296963935924
corners,False,100,PEG_S1,PEG,small,3.0,1.0969447982710867,2.734253394092955,0.6096346250953765
corners,False,101,PEG_S2,PEG,small,3.0,1.5856914020116797,3.58683310862866,0.6345532637778295
corners,False,102,COOH_L1,COOH,large,3.0,1.8131645942194083,3.666939676333416,0.853402562839285
corners,False,103,COOH_L2,COOH,large,3.0,1.873153261302736,3.751620622568094,0.8787200124448109
corners,False,104,COOH_S1,COOH,small,3.0,1.0458837867601276,2.4996494676779633,0.5369882990090805
corners,False,105,COOH_S2,COOH,small,3.0,1.2302992876933303,3.389722622478387,0.1370699938531633
corners,False,106,PEG_L3,PEG,large,3.0,1.6405721155032638,3.206965374812554,0.9002223040857957
corners,False,107,PEG_S3,PEG,small,3.0,0.8764596190824602,1.8533054947612464,-0.2132037120164427
corners,False,108,COOH_L3,COOH,large,3.0,1.6697173769829294,3.456767509409263,0.9516853498368968
corners,False,109,COOH_S3,COOH,small,3.0,0.7289026663018682,1.73564149659864,0.6133346546025208
corners,False,110,PEG_control,PEG,control,3.0,0.8883846044538224,2.095856172113044,0.0876379408804804
corners,False,111,COOH_control,COOH,control,3.0,0.9026197804337496,1.8035347962423751,-0.5178781386747094
corners,False,112,PEG_L1,PEG,large,3.5,2.0366549479485876,3.914687734232788,0.9306155239490912
corners,False,113,PEG_L2,PEG,large,3.5,1.9110288102824424,3.71585247569096,0.8576196598865261
corners,False,114,PEG_S1,PEG,small,3.5,1.1072797102658214,2.250322423977003,0.7247583640580217
corners,False,115,PEG_S2,PEG,small,3.5,1.5833408861315843,3.5974589557497185,0.7401712422250734
corners,False,116,COOH_L1,COOH,large,3.5,1.881011116741208,3.7306747424048,0.8495679432057577
corners,False,117,COOH_L2,COOH,large,3.5,1.975452128382669,3.8397855091540034,0.9276062156520576
corners,False,118,COOH_S1,COOH,small,3.5,1.105414231709596,2.596704504059882,0.5198384442190701
corners,False,119,COOH_S2,COOH,small,3.5,1.2183841899304986,3.225331622957051,0.4027787467329182
corners,False,120,PEG_L3,PEG,large,3.5,1.6986830186211022,3.267685046124644,0.870895921431547
corners,False,121,PEG_S3,PEG,small,3.5,0.8523728812750604,1.8127165431321488,-0.1374168698140203
corners,False,122,COOH_L3,COOH,large,3.5,1.6698141562177382,3.513116532405713,0.9544127703314916
corners,False,123,COOH_S3,COOH,small,3.5,0.7602170411636525,1.7122659151036297,0.625863971297155
corners,False,124,PEG_control,PEG,control,3.5,0.9663199098582612,2.1069349509707345,-0.1623406538005287
corners,False,125,COOH_control,COOH,control,3.5,0.9368126888480792,1.8537034230520535,-0.5203225444091711
corners,False,126,PEG_L1,PEG,large,4.0,2.123841990726202,3.961405160798201,0.936831201832932
corners,False,127,PEG_L2,PEG,large,4.0,1.9190137172954165,3.7351131794935895,0.8680980723060762
corners,False,128,PEG_S1,PEG,small,4.0,1.2798652922642797,2.9470936908723173,0.8042751957328976
corners,False,129,PEG_S2,PEG,small,4.0,1.665024589541447,3.7391606511032487,0.772101342166791
corners,False,130,COOH_L1,COOH,large,4.0,1.942816413227494,3.776492720808285,0.84779688799451
corners,False,131,COOH_L2,COOH,large,4.0,2.082874239102177,3.9308338787334542,0.7637021693347315
corners,False,132,COOH_S1,COOH,small,4.0,1.103792688675892,2.7629675909572593,0.316191172443055
corners,False,133,COOH_S2,COOH,small,4.0,1.2446583236463231,3.2648699740506157,0.3104839740930123
corners,False,134,PEG_L3,PEG,large,4.0,1.7052739765868925,3.290143485343726,0.8975829086731328
corners,False,135,PEG_S3,PEG,small,4.0,0.8123673385182757,1.7155212269552276,-0.0910848408752598
corners,False,136,COOH_L3,COOH,large,4.0,1.860299963593024,3.617103334783892,0.919304809236968
corners,False,137,COOH_S3,COOH,small,4.0,0.7786496612935827,1.6940737913261437,0.7001974228048249
corners,False,138,PEG_control,PEG,control,4.0,0.910352008611322,2.050863907241871,-0.0923205783978097
corners,False,139,COOH_control,COOH,control,4.0,1.1491480763799573,3.669850724300124,-0.519110757780207
corners,False,140,PEG_L1,PEG,large,4.5,2.3127029711130715,4.049528881371161,0.8119997718724793
corners,False,141,PEG_L2,PEG,large,4.5,1.919666365061824,3.7198909855856424,0.896275008022592
corners,False,142,PEG_S1,PEG,small,4.5,1.206327769283113,2.537414134820095,0.7515082807192102
corners,False,143,PEG_S2,PEG,small,4.5,1.6429837967588616,3.6033248394397543,0.7130107060474288
corners,False,144,COOH_L1,COOH,large,4.5,1.947610195500015,3.791350480142454,0.8613868239633652
corners,False,145,COOH_L2,COOH,large,4.5,1.9830987313800552,3.874813502603952,0.891612321399131
corners,False,146,COOH_S1,COOH,small,4.5,1.142024697250317,2.7994312530706646,0.347218844337419
corners,False,147,COOH_S2,COOH,small,4.5,1.2643348327735295,3.206871993001896,0.4533255224236394
corners,False,148,PEG_L3,PEG,large,4.5,1.721368950820937,3.318513398144873,0.9065405281968943
corners,False,149,PEG_S3,PEG,small,4.5,0.8535095900122075,1.7994699540212933,0.1300132416937337
corners,False,150,COOH_L3,COOH,large,4.5,1.658419390066482,3.5162363106222343,0.95204797202793
corners,False,151,COOH_S3,COOH,small,4.5,0.8314659403838648,1.7738503480346974,0.7616237355398516
corners,False,152,PEG_control,PEG,control,4.5,0.8716108958810335,1.9645127575047097,-0.0965930561054926
corners,False,153,COOH_control,COOH,control,4.5,0.9205351998755692,1.866933327505906,-0.4739759550018837
corners,False,154,PEG_L1,PEG,large,5.0,2.359062326116844,4.08056828821097,0.7956995855037682
corners,False,155,PEG_L2,PEG,large,5.0,1.91252399557168,3.737912949865464,0.8805070337498972
corners,False,156,PEG_S1,PEG,small,5.0,1.3108353177284036,2.6046004142919275,0.7826749151129887
corners,False,157,PEG_S2,PEG,small,5.0,1.6270816875500358,3.5884775292308593,0.7568406894939691
corners,False,158,COOH_L1,COOH,large,5.0,1.9564060355380792,3.8029711660034,0.8661642975651791
corners,False,159,COOH_L2,COOH,large,5.0,1.9206539585416236,3.878663129747497,0.9279845091823004
corners,False,160,COOH_S1,COOH,small,5.0,1.2930832172824944,2.755007092827379,0.6238765566778662
corners,False,161,COOH_S2,COOH,small,5.0,1.2743609450188769,3.0938324914847506,0.5466898575162535
corners,False,162,PEG_L3,PEG,large,5.0,1.665791041695059,3.2710397651573904,0.9150997979680672
corners,False,163,COOH_L3,COOH,large,5.0,1.6784810054707786,3.547146320161133,0.9488264536388678
corners,False,164,COOH_S3,COOH,small,5.0,1.1234838227645352,2.5892072029934523,0.7715919301714687
corners,False,165,PEG_control,PEG,control,5.0,0.8914656491262818,2.0012917371351713,-0.1018707028853873
corners,False,166,COOH_control,COOH,control,5.0,0.8199430542714535,1.7433442121072091,-0.4301298735436917
corners,False,167,PEG_S3,PEG,small,5.0,0.8561105823597074,1.7880148347141536,0.1488069451392636
corners,False,168,PEG_L1,PEG,large,5.5,2.401870649826419,4.087388471208634,0.7960310504088006
corners,False,169,PEG_L2,PEG,large,5.5,1.9709604254169528,3.742933613682213,0.9034636367626048
corners,False,170,PEG_S1,PEG,small,5.5,1.2650361851572434,2.714590876990242,0.7387235081960691
corners,False,171,PEG_S2,PEG,small,5.5,1.6656876584968272,3.690543787718386,0.8161580236399191
corners,False,172,COOH_L1,COOH,large,5.5,1.9749204936477056,3.808891807835176,0.8503682170744328
corners,False,173,COOH_L2,COOH,large,5.5,2.0104080465291485,3.8796115877002384,0.812254136198659
corners,False,174,COOH_S1,COOH,small,5.5,1.3678268450523543,2.8046366399557896,0.6388055042356905
corners,False,175,COOH_S2,COOH,small,5.5,1.3274108453667202,3.1659256202970716,0.5396290748575681
corners,False,176,PEG_L3,PEG,large,5.5,1.697422793591898,3.275362951594694,0.9042044602737782
corners,False,177,COOH_L3,COOH,large,5.5,1.6978979310406597,3.5612907544726937,0.9466475685733116
corners,False,178,COOH_S3,COOH,small,5.5,1.0732465088262804,2.339951944594945,0.7597499463914921
corners,False,179,PEG_S3,PEG,small,5.5,0.8336255631194817,1.7360760471150285,0.0402942962355045
corners,False,180,PEG_control,PEG,control,5.5,0.7347245559298852,1.985765439471043,0.1952632757659973
corners,False,181,COOH_control,COOH,control,5.5,1.0971117592243445,2.700846903388745,0.4542415118429486
corners,False,182,PEG_L1,PEG,large,6.0,2.348036037940471,4.085034198464459,0.7727806110763981
corners,False,183,PEG_L2,PEG,large,6.0,2.141668005793086,3.7948440868783737,0.937102508452512
corners,False,184,PEG_S1,PEG,small,6.0,1.3246825792615011,2.737810347926708,0.7437135219256853
corners,False,185,PEG_S2,PEG,small,6.0,1.6717167297946942,3.6200845593876263,0.7876027213987483
corners,False,186,COOH_L1,COOH,large,6.0,2.0213488703163076,3.820690675857077,0.8417058203808363
corners,False,187,COOH_L2,COOH,large,6.0,1.972905674561696,3.929171535751787,0.8527689425724607
corners,False,188,COOH_S1,COOH,small,6.0,1.3020613877807796,2.8373036760336197,0.4915960488030386
corners,False,189,COOH_S2,COOH,small,6.0,1.2978152675931671,3.167561918063315,0.504750959710445
corners,False,190,PEG_L3,PEG,large,6.0,1.700754570459126,3.28089908699525,0.89923277016215
corners,False,191,COOH_L3,COOH,large,6.0,1.8905949818419512,3.652764856113468,0.8876777844075147
corners,False,192,COOH_S3,COOH,small,6.0,1.1016586876727597,2.402549871496757,0.8063690622336877
corners,False,193,PEG_S3,PEG,small,6.0,0.9073603285833248,1.8995180215773464,0.5509791513038481
corners,False,194,COOH_control,COOH,control,6.0,0.8095674826436582,1.7290914694622883,-0.4959562442897791
corners,False,195,PEG_control,PEG,control,6.0,0.906076259966224,2.040351600916548,-0.0684645074518554
corners,True,0,PEG_L1,PEG,large,0.0,0.924905021708919,2.390002163463287,0.4609391051791158
corners,True,1,PEG_L2,PEG,large,0.0,1.193017605221817,2.552951112491749,0.0992803242859597
corners,True,2,PEG_S1,PEG,small,0.0,0.8137245401635925,1.921919583183802,0.1097598503902034
corners,True,3,PEG_S2,PEG,small,0.0,1.2503156555692974,2.6738920783266584,0.2296168180405617
corners,True,4,COOH_L1,COOH,large,0.0,0.9371366241077668,2.0612859165368103,0.0066520950234192
corners,True,5,COOH_L2,COOH,large,0.0,0.8724456357966177,1.895066763204634,0.049011836576326
corners,True,6,COOH_S1,COOH,small,0.0,0.8781520663962216,1.843304581141289,0.2471014459298593
corners,True,7,COOH_S2,COOH,small,0.0,0.9012362419186932,1.8682220584299944,-0.4981718284907839
corners,True,8,PEG_L1,PEG,large,0.0,1.492275805849519,4.116620378282915,0.3167577339905524
corners,True,9,PEG_L2,PEG,large,0.0,1.484020202197641,3.352061101369406,0.46785557791458
corners,True,10,PEG_S1,PEG,small,0.0,1.026444758023614,2.16276810964098,0.0846671478338357
corners,True,11,PEG_S2,PEG,small,0.0,1.508282872637322,3.9856057151542794,0.3237596580327481
corners,True,12,COOH_L1,COOH,large,0.0,1.3764024996406938,3.835782000435096,0.4837836907079268
corners,True,13,COOH_L2,COOH,large,0.0,1.316069457198296,4.06589548513349,0.2783832459670031
corners,True,14,COOH_S1,COOH,small,0.0,0.8650306511348879,1.827743400651282,0.3811513933825357
corners,True,15,COOH_S2,COOH,small,0.0,1.0625497686448877,2.2550994372793687,0.2040201792733816
corners,True,16,PEG_L3,PEG,large,0.0,1.1177146896598795,2.3940166582392273,0.3389909656774673
corners,True,17,PEG_S3,PEG,small,0.0,0.7730004995212496,2.013898455590879,0.5599743951030733
corners,True,18,COOH_L3,COOH,large,0.0,1.1153845680122103,2.2988935344063677,0.130885032901618
corners,True,19,COOH_S3,COOH,small,0.0,1.028725767374797,2.094730648671728,0.0614896913631545
corners,True,20,PEG_control,PEG,control,0.0,1.3827311670865592,2.759687711819058,0.1841027924201692
corners,True,21,COOH_control,COOH,control,0.0,0.95246528767324,2.0451192757916083,-0.0509024787825285
corners,True,22,PEG_L3,PEG,large,0.0,1.5181762467653372,3.1830179432569685,0.5713248773725369
corners,True,23,PEG_S3,PEG,small,0.0,0.9614714697373368,2.004584807036597,0.1788884315638707
corners,True,24,COOH_L3,COOH,large,0.0,1.6415754807341914,3.5424074233840437,0.4238725748329148
corners,True,25,COOH_S3,COOH,small,0.0,1.038952736973735,2.178360552936961,0.167507608114842
corners,True,26,PEG_control,PEG,control,0.0,1.0095091187359977,2.536816705802712,0.4104171184695619
corners,True,27,COOH_control,COOH,control,0.0,0.8535620734771905,1.8507460927472703,-0.210774207645732
corners,True,28,PEG_L1,PEG,large,0.5,1.5847747518860842,3.966578963141602,0.7212662298452825
corners,True,29,PEG_L2,PEG,large,0.5,1.3395854575995274,3.4310025881408164,0.7394673313343648
corners,True,30,PEG_S1,PEG,small,0.5,0.7205530383225227,1.5954271354011502,0.8234502755106579
corners,True,31,PEG_S2,PEG,small,0.5,1.4460020170921686,3.771244668867909,0.5129744967932762
corners,True,32,COOH_L1,COOH,large,0.5,1.367086469869477,3.676646607759497,0.7114560228849689
corners,True,33,COOH_L2,COOH,large,0.5,1.3118702945209029,3.810687679282592,0.7372232992103437
corners,True,34,COOH_S1,COOH,small,0.5,0.7683915237345968,1.7013675679101987,0.4587450897397788
corners,True,35,COOH_S2,COOH,small,0.5,0.8377248591205908,1.9658464275126004,-0.2096173323183141
corners,True,36,PEG_L3,PEG,large,0.5,1.5479999524471937,3.2819721031649483,0.6886405196918174
corners,True,37,PEG_S3,PEG,small,0.5,0.7544156910176012,1.9713436039257315,0.6053949327306795
corners,True,38,COOH_L3,COOH,large,0.5,1.219182764133548,3.2230424519810628,0.8332534583009998
corners,True,39,COOH_S3,COOH,small,0.5,1.0021582639057476,2.169865788520732,0.1475440765628753
corners,True,40,PEG_control,PEG,control,0.5,1.0461394528119858,2.4008464607511435,0.1832173232348342
corners,True,41,COOH_control,COOH,control,0.5,0.7794835099347134,1.842114599227512,0.0009172305805759
corners,True,42,PEG_L1,PEG,large,1.0,1.4313362575476136,3.590520932069511,0.8911821764899296
corners,True,43,PEG_L2,PEG,large,1.0,1.4000473345290565,3.460588492434473,0.791849067072823
corners,True,44,PEG_S1,PEG,small,1.0,0.6651499752941911,1.622833986554884,0.7270774010912332
corners,True,45,PEG_S2,PEG,small,1.0,1.4699820908423171,3.640112976196597,0.597019638230208
corners,True,46,COOH_L1,COOH,large,1.0,1.4068753850243982,3.646672980917869,0.779495876785431
corners,True,47,COOH_L2,COOH,large,1.0,1.3624253977485612,3.7064889205154112,0.7921071548309965
corners,True,48,COOH_S1,COOH,small,1.0,0.811433184987619,1.9257348329640012,0.4959885363105051
corners,True,49,COOH_S2,COOH,small,1.0,0.7698667679001638,1.950931075782186,0.1383683533980334
corners,True,50,PEG_L3,PEG,large,1.0,1.4242290395065338,3.218180950648202,0.7743355178710197
corners,True,51,PEG_S3,PEG,small,1.0,0.7589455004503062,1.9965527649040864,0.6255704458169395
corners,True,52,COOH_L3,COOH,large,1.0,1.3784830651717173,3.2913192930438075,0.8372839395298554
corners,True,53,COOH_S3,COOH,small,1.0,0.816697013248629,2.002934597606682,0.4343986120822752
corners,True,54,PEG_control,PEG,control,1.0,1.014832478626968,2.370515200206856,0.2208581319696208
corners,True,55,COOH_control,COOH,control,1.0,0.7352177338188645,1.7738677966698353,0.0116320466820245
corners,True,56,PEG_L1,PEG,large,1.5,1.6026782852902175,3.761644188061966,0.8514730119972286
corners,True,57,PEG_L2,PEG,large,1.5,1.542260987400164,3.51840392296437,0.8020404171482475
corners,True,58,PEG_S1,PEG,small,1.5,0.7682380288730274,1.8267996065547176,0.610885435129283
corners,True,59,PEG_S2,PEG,small,1.5,1.448222601100227,3.660072728531744,0.6725799924961702
corners,True,60,COOH_L1,COOH,large,1.5,1.4886204712589293,3.561502221359559,0.8165291329208919
corners,True,61,COOH_L2,COOH,large,1.5,1.5002421460015578,3.6252299349890658,0.8374068368620968
corners,True,62,COOH_S1,COOH,small,1.5,0.8521711052271134,2.5662946245551903,0.044045739385506
corners,True,63,COOH_S2,COOH,small,1.5,1.066071575292943,3.0010120138816836,0.2317699961517691
corners,True,64,PEG_L3,PEG,large,1.5,1.406669079500592,3.09365912481006,0.8234545671658269
corners,True,65,PEG_S3,PEG,small,1.5,0.7498328196874744,1.9931698287245,0.6296626179527803
corners,True,66,COOH_L3,COOH,large,1.5,1.479832621124438,3.2353751300870903,0.8833281177460889
corners,True,67,COOH_S3,COOH,small,1.5,0.8425386083295642,2.0417307083835325,0.4169221795267976
corners,True,68,PEG_control,PEG,control,1.5,1.006735168474378,2.36282041350734,0.2174161505319676
corners,True,69,COOH_control,COOH,control,1.5,0.7769699381657945,1.818326802244836,-0.073731023364001
corners,True,70,PEG_L1,PEG,large,2.0,1.7080904067132947,3.6223895208120527,0.9293204448667532
corners,True,71,PEG_L2,PEG,large,2.0,1.6142430645067165,3.429191592482691,0.8922013936083705
corners,True,72,PEG_S1,PEG,small,2.0,0.96340619983218,2.349149437617841,0.6682343114657604
corners,True,73,PEG_S2,PEG,small,2.0,1.5595484280793788,3.7413622752666953,0.7126300285243488
corners,True,74,COOH_L1,COOH,large,2.0,1.6134927533432906,3.5999217734644295,0.8248548054249839
corners,True,75,COOH_L2,COOH,large,2.0,1.696959638617993,3.6866079690759817,0.8292528166394209
corners,True,76,COOH_S1,COOH,small,2.0,0.9747679453707966,2.4804268855356706,0.2368819496812783
corners,True,77,COOH_S2,COOH,small,2.0,1.0189941319674185,3.11856494861914,0.3036040208440743
corners,True,78,PEG_L3,PEG,large,2.0,1.4986631797226604,3.1222394561306763,0.8491192002534906
corners,True,79,PEG_S3,PEG,small,2.0,0.7363136263084075,1.97877304206131,0.6692490522809177
corners,True,80,COOH_L3,COOH,large,2.0,1.5014900266027251,3.2124024949929866,0.946792454438065
corners,True,81,COOH_S3,COOH,small,2.0,0.7417300347886948,1.827196534598524,0.5512097121145462
corners,True,82,PEG_control,PEG,control,2.0,0.9645978370683036,2.289222707346077,0.2206381631730578
corners,True,83,COOH_control,COOH,control,2.0,0.9306639448700236,1.8631093212517833,-0.4340304283912253
corners,True,84,PEG_L1,PEG,large,2.5,1.7651928573868283,3.722179692758443,0.9276619158334828
corners,True,85,PEG_L2,PEG,large,2.5,1.7640154177795009,3.5966960240450914,0.8666094587754919
corners,True,86,PEG_S1,PEG,small,2.5,1.0171306451217317,2.229599631643572,0.7263711398004294
corners,True,87,PEG_S2,PEG,small,2.5,1.6356317690862383,3.70518534057007,0.674224577763327
corners,True,88,COOH_L1,COOH,large,2.5,1.763416254596586,3.6334373398378927,0.8316556037213609
corners,True,89,COOH_L2,COOH,large,2.5,1.8221644337443252,3.7106813355273345,0.8194843533049113
corners,True,90,COOH_S1,COOH,small,2.5,0.9952437135266672,2.3495720573850676,0.6141359127166762
corners,True,91,COOH_S2,COOH,small,2.5,1.1798752465716236,3.2705692488262916,0.358440547570122
corners,True,92,PEG_L3,PEG,large,2.5,1.5837803021149286,3.1779755607439704,0.8665483117139241
corners,True,93,PEG_S3,PEG,small,2.5,0.7281322441358232,1.9043757096632343,0.660981864885215
corners,True,94,COOH_L3,COOH,large,2.5,1.590309319071609,3.3496578457389896,0.9539096600480552
corners,True,95,COOH_S3,COOH,small,2.5,0.7666986364185384,1.8022886344416256,0.4036411706054563
corners,True,96,PEG_control,PEG,control,2.5,0.937153133220082,2.2562042692331428,0.2025615282230249
corners,True,97,COOH_control,COOH,control,2.5,0.7548874990051804,1.7675133801042844,-0.0898853827750182
corners,True,98,PEG_L1,PEG,large,3.0,1.8831225106576033,3.7939454993552686,0.9314886549004108
corners,True,99,PEG_L2,PEG,large,3.0,1.859835902685074,3.6819961885794736,0.856012828372921
corners,True,100,PEG_S1,PEG,small,3.0,1.040897528277486,2.1695627423314297,0.7162356888457312
corners,True,101,PEG_S2,PEG,small,3.0,1.5821440491672123,3.583701041549286,0.64153770441674
corners,True,102,COOH_L1,COOH,large,3.0,1.8135254062373536,3.6670527030579168,0.8533408891188206
corners,True,103,COOH_L2,COOH,large,3.0,1.8731910736610713,3.751640856533271,0.8786887768820733
corners,True,104,COOH_S1,COOH,small,3.0,1.0465989533516835,2.5023330367423853,0.5367403622164133
corners,True,105,COOH_S2,COOH,small,3.0,1.230182525970791,3.389735630803715,0.1370247086688667
corners,True,106,PEG_L3,PEG,large,3.0,1.6542463324453778,3.213174371445148,0.8828888911578663
corners,True,107,PEG_S3,PEG,small,3.0,0.7743136889416788,1.9440314057826524,0.6023857906982492
corners,True,108,COOH_L3,COOH,large,3.0,1.662388769188036,3.481364924515489,0.9549679715731492
corners,True,109,COOH_S3,COOH,small,3.0,0.7427942284153074,1.7476471056260834,0.5638915467051122
corners,True,110,PEG_control,PEG,control,3.0,0.8867865763179346,2.1708375993692157,0.1872649627336859
corners,True,111,COOH_control,COOH,control,3.0,0.8786046614185904,1.7694633920904244,-0.5166079048046639
corners,True,112,PEG_L1,PEG,large,3.5,2.019658853454738,3.895555540732045,0.930119102961528
corners,True,113,PEG_L2,PEG,large,3.5,1.9109661803467255,3.715815404208016,0.857724284423999
corners,True,114,PEG_S1,PEG,small,3.5,1.106856914746714,2.250997880806646,0.7244553562339678
corners,True,115,PEG_S2,PEG,small,3.5,1.582758074959456,3.5922314516411538,0.7363368036770275
corners,True,116,COOH_L1,COOH,large,3.5,1.880688981591456,3.7302639892186216,0.8494822257481565
corners,True,117,COOH_L2,COOH,large,3.5,1.975465343780798,3.839828624092624,0.9275647636016702
corners,True,118,COOH_S1,COOH,small,3.5,1.089235092304775,2.523228170109192,0.5889864511305702
corners,True,119,COOH_S2,COOH,small,3.5,1.249415479998245,3.345699347247274,0.2575654305566532
corners,True,120,PEG_L3,PEG,large,3.5,1.698889744386857,3.2647504823851614,0.8746880741342007
corners,True,121,PEG_S3,PEG,small,3.5,0.7729150840916158,1.92426325610272,0.6747228841498736
corners,True,122,COOH_L3,COOH,large,3.5,1.6640773353499358,3.52192748761128,0.9531993248241862
corners,True,123,COOH_S3,COOH,small,3.5,0.757575338877373,1.7032225944292048,0.623609257109485
corners,True,124,PEG_control,PEG,control,3.5,0.866841536193838,2.1298943215339237,0.1644761934842922
corners,True,125,COOH_control,COOH,control,3.5,0.866350787592803,1.776826796757346,-0.4961555864891548
corners,True,126,PEG_L1,PEG,large,4.0,2.108780455333577,3.9418652611646072,0.9375048236056728
corners,True,127,PEG_L2,PEG,large,4.0,1.9227378054535196,3.7384574866560545,0.8672156283295596
corners,True,128,PEG_S1,PEG,small,4.0,1.2798517275971604,2.9468914334181515,0.8042905335840494
corners,True,129,PEG_S2,PEG,small,4.0,1.6515987500430058,3.70956565025121,0.7734928769739938
corners,True,130,COOH_L1,COOH,large,4.0,1.9425844023940693,3.776484200929079,0.8478196105212681
corners,True,131,COOH_L2,COOH,large,4.0,2.082857010581872,3.9308180360640104,0.7638014594871594
corners,True,132,COOH_S1,COOH,small,4.0,1.1309882457882467,2.5724029405008046,0.6043741310362835
corners,True,133,COOH_S2,COOH,small,4.0,1.2447724540777012,3.2649188035380456,0.3104882327967632
corners,True,134,PEG_L3,PEG,large,4.0,1.7049234224401637,3.289625739404704,0.8942373279942104
corners,True,135,PEG_S3,PEG,small,4.0,0.7661354295312113,1.8311923707605993,0.631749267456573
corners,True,136,COOH_L3,COOH,large,4.0,1.8643577299879737,3.646946106874868,0.9273801422448557
corners,True,137,COOH_S3,COOH,small,4.0,0.8099456982747124,1.723644681051264,0.5766525915788254
corners,True,138,PEG_control,PEG,control,4.0,0.8381043491408547,2.0874743536544607,0.1990307153033473
corners,True,139,COOH_control,COOH,control,4.0,1.0996290984951085,2.153681901232662,-0.529687474314615
corners,True,140,PEG_L1,PEG,large,4.5,2.2993212195645394,4.030137510551412,0.811087976308048
corners,True,141,PEG_L2,PEG,large,4.5,1.9199025669456151,3.719904226767803,0.8963767538504953
corners,True,142,PEG_S1,PEG,small,4.5,1.207048245865025,2.5386574318691517,0.7510988961056538
corners,True,143,PEG_S2,PEG,small,4.5,1.6427518723199526,3.603701146811345,0.7158150071254948
corners,True,144,COOH_L1,COOH,large,4.5,1.9474986926617228,3.7916472566259127,0.8613088483614011
corners,True,145,COOH_L2,COOH,large,4.5,1.9831414762449344,3.874739957106327,0.8921209844105441
corners,True,146,COOH_S1,COOH,small,4.5,1.1419803917416176,2.800060757341762,0.3466864640365623
corners,True,147,COOH_S2,COOH,small,4.5,1.2644229398341311,3.2070755702636773,0.4533028131050163
corners,True,148,PEG_L3,PEG,large,4.5,1.7216676477464463,3.3198464945991932,0.9048330765814512
corners,True,149,PEG_S3,PEG,small,4.5,0.8279114191257093,1.947246365713265,0.8402850727322388
corners,True,150,COOH_L3,COOH,large,4.5,1.666575580543247,3.545706298930627,0.9533044197443136
corners,True,151,COOH_S3,COOH,small,4.5,0.8538287022698244,1.7906598205854585,0.669423805670812
corners,True,152,PEG_control,PEG,control,4.5,0.7582470165461451,1.953276329807682,0.2470593924935269
corners,True,153,COOH_control,COOH,control,4.5,0.8587615793133407,1.8026751200901256,-0.4540155326834268
corners,True,154,PEG_L1,PEG,large,5.0,2.343357216546689,4.060679494161071,0.7965568571221431
corners,True,155,PEG_L2,PEG,large,5.0,1.912499680912713,3.7378855804279127,0.8806044741511723
corners,True,156,PEG_S1,PEG,small,5.0,1.3109841430913718,2.605203757093173,0.782576749351096
corners,True,157,PEG_S2,PEG,small,5.0,1.6243539466678842,3.5882757033727897,0.7639235748748588
corners,True,158,COOH_L1,COOH,large,5.0,1.95646730963716,3.80302586845774,0.865911287346654
corners,True,159,COOH_L2,COOH,large,5.0,1.9205829002702033,3.8786090910590025,0.9283075514691268
corners,True,160,COOH_S1,COOH,small,5.0,1.2930903375359812,2.75503465039305,0.6238350416635862
corners,True,161,COOH_S2,COOH,small,5.0,1.2774130075844763,3.095709746273116,0.5511549931562751
corners,True,162,PEG_L3,PEG,large,5.0,1.7110604751732577,3.286509450373899,0.8969426741822254
corners,True,163,COOH_L3,COOH,large,5.0,1.6846819646779414,3.579443162059168,0.9503011246686596
corners,True,164,COOH_S3,COOH,small,5.0,1.1223891659244678,2.582270947316392,0.7523273150444549
corners,True,165,PEG_control,PEG,control,5.0,0.7152093010082805,1.942306696197332,0.2874548082021837
corners,True,166,COOH_control,COOH,control,5.0,0.9983876175704112,2.034544327988295,-0.3823322813751107
corners,True,167,PEG_S3,PEG,small,5.0,0.8458467150768372,1.9472660266355173,0.7772031941354167
corners,True,168,PEG_L1,PEG,large,5.5,2.387548741582237,4.067734240885831,0.7952883043812785
corners,True,169,PEG_L2,PEG,large,5.5,1.9717773316748517,3.743118386390483,0.903487778672761
corners,True,170,PEG_S1,PEG,small,5.5,1.2650571940467037,2.714679956343093,0.7386911169232948
corners,True,171,PEG_S2,PEG,small,5.5,1.670056317946436,3.692891119720993,0.8128466870314746
corners,True,172,COOH_L1,COOH,large,5.5,1.974977851253729,3.808924641611779,0.850192657369438
corners,True,173,COOH_L2,COOH,large,5.5,2.010408571152761,3.8796112937513527,0.8122499851574123
corners,True,174,COOH_S1,COOH,small,5.5,1.3681132582163371,2.8054023766130967,0.638609436620776
corners,True,175,COOH_S2,COOH,small,5.5,1.3311327028120017,3.1583777540867097,0.5611956079364668
corners,True,176,PEG_L3,PEG,large,5.5,1.6904883092036929,3.2725497975196154,0.9077933857145568
corners,True,177,COOH_L3,COOH,large,5.5,1.696641502726769,3.5843884519679614,0.9494512580934776
corners,True,178,COOH_S3,COOH,small,5.5,1.074627545108965,2.338796742946806,0.7426888832249916
corners,True,179,PEG_S3,PEG,small,5.5,0.8537321795122902,1.964047310532784,0.7690551897720197
corners,True,180,PEG_control,PEG,control,5.5,0.6634662945139069,1.924945811711848,0.4525663310853468
corners,True,181,COOH_control,COOH,control,5.5,1.0959944482682693,2.6986180928228007,0.4546232852948399
corners,True,182,PEG_L1,PEG,large,6.0,2.329432765734302,4.0646378525427505,0.7725071718120271
corners,True,183,PEG_L2,PEG,large,6.0,2.141497887363139,3.7948042158672814,0.9371172473860564
corners,True,184,PEG_S1,PEG,small,6.0,1.325082891826164,2.7372412679694524,0.7439355539321184
corners,True,185,PEG_S2,PEG,small,6.0,1.671420739968266,3.618902338603426,0.7872089645295256
corners,True,186,COOH_L1,COOH,large,6.0,2.0213543608747577,3.820692056309704,0.8416756305321539
corners,True,187,COOH_L2,COOH,large,6.0,1.9728746626917224,3.92916716064019,0.8527586836741594
corners,True,188,COOH_S1,COOH,small,6.0,1.238380717838951,2.816247997198477,0.4491063117354402
corners,True,189,COOH_S2,COOH,small,6.0,1.297808857087714,3.167468763383797,0.5047276410479636
corners,True,190,PEG_L3,PEG,large,6.0,1.7010540182117742,3.2818947109067023,0.9008195882269336
corners,True,191,COOH_L3,COOH,large,6.0,1.9060216911966537,3.696981839637155,0.8988541149461615
corners,True,192,COOH_S3,COOH,small,6.0,1.1043135226524128,2.398957675619668,0.7883366444110097
corners,True,193,PEG_S3,PEG,small,6.0,0.931589153522562,2.08631733272087,0.8787902012635442
corners,True,194,COOH_control,COOH,control,6.0,0.8093109632172792,1.7331910137542177,-0.4924532882672238
corners,True,195,PEG_control,PEG,control,6.0,0.7542686748251737,1.9958877670390516,0.3166559707739556
series,False,0,PEG_L1,PEG,large,0.0,1.088844376145287,2.459754230175358,0.2546414578162967
series,False,1,PEG_L2,PEG,large,0.0,1.1719335948143996,2.509893323389174,-0.0214079183830496
series,False,2,PEG_S1,PEG,small,0.0,0.766151600300271,1.8827151248632403,0.1593485913836678
series,False,3,PEG_S2,PEG,small,0.0,1.2792548355301343,2.6850364450919346,0.1455142282670123
series,False,4,COOH_L1,COOH,large,0.0,0.9324581092589256,2.0557700271876587,-0.0248937319944361
series,False,5,COOH_L2,COOH,large,0.0,0.8746011538965893,1.900286830045499,0.0602081769532042
series,False,6,COOH_S1,COOH,small,0.0,0.8788511067351725,1.844654489273254,0.243772554296297
series,False,7,COOH_S2,COOH,small,0.0,0.8853583405316225,1.827114301606063,-0.6540615095220106
series,False,8,PEG_L1,PEG,large,0.0,1.6132965749496104,3.8766125983319446,0.3251477662062334
series,False,9,PEG_L2,PEG,large,0.0,1.4835880358932878,3.351659072321534,0.4681158264497073
series,False,10,PEG_S1,PEG,small,0.0,1.026624975964231,2.1632151420716377,0.0848647364036235
series,False,11,PEG_S2,PEG,small,0.0,1.5112423380665754,3.985672193598212,0.327891372882216
series,False,12,COOH_L1,COOH,large,0.0,1.3766740684158625,3.835885224506187,0.4835467345919511
series,False,13,COOH_L2,COOH,large,0.0,1.3202562970306273,4.068072126457251,0.2744686951368367
series,False,14,COOH_S1,COOH,small,0.0,0.8651320928161399,1.8279363464920648,0.3811498699399561
series,False,15,COOH_S2,COOH,small,0.0,1.029104424321792,2.194726222380533,0.1553593814266203
series,False,16,PEG_L3,PEG,large,0.0,1.047064539258031,2.53824741576743,0.6215763800527768
series,False,17,PEG_S3,PEG,small,0.0,0.7837781624113258,1.9454632607443652,0.4850964248758274
series,False,18,COOH_L3,COOH,large,0.0,1.1175796343408162,2.297363271322558,0.1281322892075847
series,False,19,COOH_S3,COOH,small,0.0,1.021410970483715,2.084638988786693,0.0398777607940134
series,False,20,PEG_control,PEG,control,0.0,1.3468779196112812,2.6794816925142095,0.1551390204307179
series,False,21,COOH_control,COOH,control,0.0,0.8733834334480333,1.869076499417125,-0.0963520008475541
series,False,22,PEG_L3,PEG,large,0.0,1.518932966325113,3.184432594458116,0.5709512316759644
series,False,23,PEG_S3,PEG,small,0.0,1.006970746161443,2.0720189482961224,0.2140506275580258
series,False,24,COOH_L3,COOH,large,0.0,1.620683371820555,3.462003372740221,0.4283490515762525
series,False,25,COOH_S3,COOH,small,0.0,1.0389361716898815,2.180027887952405,0.1672630292553629
series,False,26,PEG_control,PEG,control,0.0,1.2554106971072017,2.537648432120123,0.0183157986022797
series,False,27,COOH_control,COOH,control,0.0,0.8164586113670276,1.7209052392496018,-0.5334817173625894
series,False,28,PEG_L1,PEG,large,0.5,1.5852872486484533,3.7770372445485783,0.6717955513817799
series,False,29,PEG_L2,PEG,large,0.5,1.2769881524750926,3.352775423925023,0.7683834698577853
series,False,30,PEG_S1,PEG,small,0.5,0.720908234535145,1.605924093618685,0.805939536214996
series,False,31,PEG_S2,PEG,small,0.5,1.4792905922808743,3.7835836987423512,0.465632591724728
series,False,32,COOH_L1,COOH,large,0.5,1.355951133618011,3.661066951604077,0.7192560447319678
series,False,33,COOH_L2,COOH,large,0.5,1.310671270259404,3.804904413203276,0.7398439065863953
series,False,34,COOH_S1,COOH,small,0.5,0.771339230915622,1.713332261560264,0.4469940663819423
series,False,35,COOH_S2,COOH,small,0.5,0.9071466202914068,2.1773023730944527,-0.180958743001691
series,False,36,PEG_L3,PEG,large,0.5,1.611479008272517,3.4047144427640417,0.6614544297715951
series,False,37,PEG_S3,PEG,small,0.5,1.0086410321153754,1.986276173646306,-0.2251229842220324
series,False,38,COOH_L3,COOH,large,0.5,1.080340264415134,2.9522228573789917,0.8613226062336412
series,False,39,COOH_S3,COOH,small,0.5,0.8612095735924898,2.1040387550237436,0.4124130087646848
series,False,40,PEG_control,PEG,control,0.5,1.1587781970189266,2.284689163586065,-0.358762887627124
series,False,41,COOH_control,COOH,control,0.5,0.8582801406580751,1.8410626309011504,-0.2674697252757019
series,False,42,PEG_L1,PEG,large,1.0,1.372098857436787,3.2767193228977805,0.8686810596665386
series,False,43,PEG_L2,PEG,large,1.0,1.3866041337558508,3.436695490463454,0.797695622681461
series,False,44,PEG_S1,PEG,small,1.0,0.6336787511860574,1.5830083598138989,0.5710178599809417
series,False,45,PEG_S2,PEG,small,1.0,1.5320087883950235,3.6353955732839376,0.4195770997863015
series,False,46,COOH_L1,COOH,large,1.0,1.4047297737995437,3.641250619531037,0.7820094380268551
series,False,47,COOH_L2,COOH,large,1.0,1.3543620560598315,3.690098259138733,0.7993074055618645
series,False,48,COOH_S1,COOH,small,1.0,0.8045241721153178,1.8896494226520493,0.5171031431898792
series,False,49,COOH_S2,COOH,small,1.0,0.8209971550385996,2.0516309195767763,-0.0244590300592726
series,False,50,PEG_L3,PEG,large,1.0,1.4595066982632756,3.2977353125326103,0.7495547775385258
series,False,51,PEG_S3,PEG,small,1.0,0.9539386632516088,1.905353846721796,-0.3395056490324618
series,False,52,COOH_L3,COOH,large,1.0,1.371660005956053,3.2565497687839184,0.8319365921354066
series,False,53,COOH_S3,COOH,small,1.0,0.7906826527641461,2.0018865098287577,0.5164239608191349
series,False,54,PEG_control,PEG,control,1.0,1.1490453574538178,2.2750947424897916,-0.3000452712056961
series,False,55,COOH_control,COOH,control,1.0,0.8227968626318853,1.8225089759195308,-0.204296747437686
series,False,56,PEG_L1,PEG,large,1.5,1.463595144277574,3.490018785732534,0.8564250994868458
series,False,57,PEG_L2,PEG,large,1.5,1.509141786275921,3.4700699029766473,0.8160114218756982
series,False,58,PEG_S1,PEG,small,1.5,0.7631214638582737,1.8046272728785084,0.6653683981060693
series,False,59,PEG_S2,PEG,small,1.5,1.4370922641291044,3.659985416928953,0.69533247885292
series,False,60,COOH_L1,COOH,large,1.5,1.4877298568379285,3.5600526047339947,0.8176529184797802
series,False,61,COOH_L2,COOH,large,1.5,1.4973674716280745,3.61926338243948,0.8393788883110737
series,False,62,COOH_S1,COOH,small,1.5,0.8879787063152275,2.470024223602485,0.2440411421703824
series,False,63,COOH_S2,COOH,small,1.5,1.0069852310835616,2.6599431038782897,0.5002248036547081
series,False,64,PEG_L3,PEG,large,1.5,1.447665282866269,3.2254343963869316,0.7962366627776057
series,False,65,PEG_S3,PEG,small,1.5,0.97561494490979,1.9781281882881656,-0.2926333183623454
series,False,66,COOH_L3,COOH,large,1.5,1.4752286096377925,3.22323465832679,0.8658783475328992
series,False,67,COOH_S3,COOH,small,1.5,0.8110516356901791,2.0363681523888704,0.5174993831678455
series,False,68,PEG_control,PEG,control,1.5,1.131948551378213,2.2612101335958923,-0.2868829201503766
series,False,69,COOH_control,COOH,control,1.5,0.8782376479406317,1.8700750892819036,-0.333540105106852
series,False,70,PEG_L1,PEG,large,2.0,1.5680396430409076,3.4159540474741332,0.8855892335851221
series,False,71,PEG_L2,PEG,large,2.0,1.6264688212338856,3.37875892879679,0.8996716908968055
series,False,72,PEG_S1,PEG,small,2.0,0.9508763843579384,2.2964642450645636,0.6554182319752486
series,False,73,PEG_S2,PEG,small,2.0,1.5887804999408268,3.723455092190043,0.6504412238024332
series,False,74,COOH_L1,COOH,large,2.0,1.6034290902276684,3.5936800732506224,0.8294659552798661
series,False,75,COOH_L2,COOH,large,2.0,1.7009674680645714,3.691569803735518,0.8255766751626205
series,False,76,COOH_S1,COOH,small,2.0,0.959687640456176,2.2653712862351543,0.4980360366125671
series,False,77,COOH_S2,COOH,small,2.0,1.0445151060082098,3.21897327090847,0.0680991023004973
series,False,78,PEG_L3,PEG,large,2.0,1.4958967039937885,3.1133995425663747,0.8538120089605078
series,False,79,PEG_S3,PEG,small,2.0,0.9447857418897584,1.9494019747664064,-0.2343138980850972
series,False,80,COOH_L3,COOH,large,2.0,1.5130667730884166,3.1595441086721796,0.9431750413266384
series,False,81,COOH_S3,COOH,small,2.0,0.7008718731901619,1.8099995942311264,0.653704214787053
series,False,82,PEG_control,PEG,control,2.0,1.092162291089812,2.198406756061032,-0.2847073865804637
series,False,83,COOH_control,COOH,control,2.0,0.746479108310296,1.825504197534613,0.022633045583057
series,False,84,PEG_L1,PEG,large,2.5,1.7162063672209973,3.5784869764797547,0.8838809811906274
series,False,85,PEG_L2,PEG,large,2.5,1.7580523539472566,3.5937288159935665,0.8680486894223204
series,False,86,PEG_S1,PEG,small,2.5,1.0516763271016607,2.5204698260560887,0.6442977194426194
series,False,87,PEG_S2,PEG,small,2.5,1.635968015542884,3.612223360430023,0.5212654138318631
series,False,88,COOH_L1,COOH,large,2.5,1.7699705481640613,3.633105651218172,0.8257529127397216
series,False,89,COOH_L2,COOH,large,2.5,1.817025866194061,3.701156701554861,0.810973706544086
series,False,90,COOH_S1,COOH,small,2.5,1.0276002825924184,2.10770773963373,0.7425819719498934
series,False,91,COOH_S2,COOH,small,2.5,1.2366706757990422,3.349929561882284,0.359841124439483
series,False,92,PEG_L3,PEG,large,2.5,1.5792752461940898,3.164834936415079,0.8750283601913125
series,False,93,PEG_S3,PEG,small,2.5,0.9058928679935038,1.9082318776453344,-0.1430414651051619
series,False,94,COOH_L3,COOH,large,2.5,1.578424227161929,3.282014481761667,0.9527428903791044
series,False,95,COOH_S3,COOH,small,2.5,0.7514102425121006,1.7973484655275018,0.4678210035838316
series,False,96,PEG_control,PEG,control,2.5,1.0815803401812158,2.1940854322573444,-0.3048171853611827
series,False,97,COOH_control,COOH,control,2.5,0.8476605759648123,1.802128158930864,-0.3520685941705229
series,False,98,PEG_L1,PEG,large,3.0,1.8051049647064616,3.625881143356688,0.8930303847441134
series,False,99,PEG_L2,PEG,large,3.0,1.8019540355842776,3.649353872504951,0.8798571177010522
series,False,100,PEG_S1,PEG,small,3.0,1.08986431735833,2.700053021166882,0.6171899941271516
series,False,101,PEG_S2,PEG,small,3.0,1.565758897675946,3.441390139830711,0.4082960574712276
series,False,102,COOH_L1,COOH,large,3.0,1.821034095435759,3.6651618382948823,0.8470791427567694
series,False,103,COOH_L2,COOH,large,3.0,1.8159304221604744,3.740990755862431,0.8485396137468414
series,False,104,COOH_S1,COOH,small,3.0,1.0489578242761732,2.5177449912644936,0.4773153655410915
series,False,105,COOH_S2,COOH,small,3.0,1.1887841714012863,3.3771088495315307,0.0288945607922683
series,False,106,PEG_L3,PEG,large,3.0,1.6578024047974953,3.247218565030496,0.8878215772358691
series,False,107,PEG_S3,PEG,small,3.0,0.8582873643214844,1.8296775171986528,-0.3506218528851204
series,False,108,COOH_L3,COOH,large,3.0,1.6089945406915118,3.379021605054816,0.9548290253157072
series,False,109,COOH_S3,COOH,small,3.0,0.7098425193429923,1.7177107986776363,0.681323553486642
series,False,110,PEG_control,PEG,control,3.0,0.8503946007421972,2.096117732337621,0.179879251356397
series,False,111,COOH_control,COOH,control,3.0,1.2579155532279145,3.362426359308789,-0.706176072341672
series,False,112,PEG_L1,PEG,large,3.5,1.882579591941707,3.6929677990876937,0.9002281598902172
series,False,113,PEG_L2,PEG,large,3.5,1.8584055433999995,3.6902458102864695,0.8808387231114172
series,False,114,PEG_S1,PEG,small,3.5,1.134350328648705,2.5262654947970655,0.6707000976085308
series,False,115,PEG_S2,PEG,small,3.5,1.5850159447571956,3.491935621454253,0.6113659449170709
series,False,116,COOH_L1,COOH,large,3.5,1.888424548611482,3.729063468339739,0.8411610510854703
series,False,117,COOH_L2,COOH,large,3.5,1.947779905964072,3.8368012916000582,0.8907915651774497
series,False,118,COOH_S1,COOH,small,3.5,1.1034787724475374,2.5838272578572266,0.533439262585814
series,False,119,COOH_S2,COOH,small,3.5,1.275319293542308,3.2058209983485817,0.5452578090872118
series,False,120,PEG_L3,PEG,large,3.5,1.6764434201459957,3.257678232988032,0.8920996119563995
series,False,121,PEG_S3,PEG,small,3.5,0.8512899134232152,1.8183409514481224,-0.2216519136416927
series,False,122,COOH_L3,COOH,large,3.5,1.6837501794571843,3.425232685783687,0.958559131042044
series,False,123,COOH_S3,COOH,small,3.5,0.7454065037092471,1.6889532514762855,0.6636239630253843
series,False,124,PEG_control,PEG,control,3.5,0.9991689374197896,2.071474787963286,-0.315414196470367
series,False,125,COOH_control,COOH,control,3.5,1.2366721970081778,3.3388848539515386,-0.6953810126573051
series,False,126,PEG_L1,PEG,large,4.0,1.947082477745869,3.74111418569402,0.9047039504799212
series,False,127,PEG_L2,PEG,large,4.0,1.950980453479916,3.755063071491083,0.8530015164757957
series,False,128,PEG_S1,PEG,small,4.0,1.1972544372494638,2.771778090881865,0.7699285118783429
series,False,129,PEG_S2,PEG,small,4.0,1.6689828691516555,3.72834336174474,0.7594736215939286
series,False,130,COOH_L1,COOH,large,4.0,1.9449094617858167,3.774037634321333,0.8401491921745493
series,False,131,COOH_L2,COOH,large,4.0,2.0852259562812043,3.929095385915379,0.774205237149491
series,False,132,COOH_S1,COOH,small,4.0,1.1564515968750713,2.5160970228762114,0.6328240470862889
series,False,133,COOH_S2,COOH,small,4.0,1.2835320002573725,3.3258616640031,0.2966132736010965
series,False,134,PEG_L3,PEG,large,4.0,1.643286630148469,3.241270465481513,0.9102315423783476
series,False,135,PEG_S3,PEG,small,4.0,0.8126842606953577,1.7373011744736775,-0.199203684636934
series,False,136,COOH_L3,COOH,large,4.0,1.7942913560178697,3.555188469361811,0.93975972832208
series,False,137,COOH_S3,COOH,small,4.0,0.7724663098608093,1.695248678948872,0.7365223057766098
series,False,138,PEG_control,PEG,control,4.0,0.9240070764795888,2.03380947469747,-0.1796633590374105
series,False,139,COOH_control,COOH,control,4.0,1.2233992157982,3.252780813288649,-0.6916053316392912
series,False,140,PEG_L1,PEG,large,4.5,2.294746466251457,3.8124712577358366,0.7405036246473536
series,False,141,PEG_L2,PEG,large,4.5,1.8971820063699896,3.722742565296095,0.8783262709822997
series,False,142,PEG_S1,PEG,small,4.5,1.199702013559259,2.8002219208482315,0.6975981308857878
series,False,143,PEG_S2,PEG,small,4.5,1.616615032487807,3.470876153144859,0.5731827666336032
series,False,144,COOH_L1,COOH,large,4.5,1.948277842880409,3.790534766179308,0.8619029658426997
series,False,145,COOH_L2,COOH,large,4.5,1.9682167971202973,3.8876404956734394,0.8814834528129796
series,False,146,COOH_S1,COOH,small,4.5,1.2087202183530728,2.578860898921409,0.6319503089329911
series,False,147,COOH_S2,COOH,small,4.5,1.358889320613864,3.2869362664840893,0.5444549342697013
series,False,148,PEG_L3,PEG,large,4.5,1.6248924451901106,3.2484106412349116,0.9174006492672644
series,False,149,PEG_S3,PEG,small,4.5,0.8607827388755501,1.8182154978368004,0.1894554970394556
series,False,150,COOH_L3,COOH,large,4.5,1.6965340549024388,3.4406157531654284,0.952325751420678
series,False,151,COOH_S3,COOH,small,4.5,0.8279743999395985,1.7821287285211187,0.7920322955378122
series,False,152,PEG_control,PEG,control,4.5,0.8928566754439416,1.9680223168840565,-0.1615488501283818
series,False,153,COOH_control,COOH,control,4.5,1.2169975163912363,3.3987708081885524,-0.6983983967641619
series,False,154,PEG_L1,PEG,large,5.0,2.191663086083757,3.8324655390557374,0.7685054237134076
series,False,155,PEG_L2,PEG,large,5.0,1.912026510925056,3.7376030746934905,0.8804877160049072
series,False,156,PEG_S1,PEG,small,5.0,1.4754924441051835,2.760438279894802,0.8519132610754246
series,False,157,PEG_S2,PEG,small,5.0,1.596807325069435,3.4597448853114026,0.6427964469628206
series,False,158,COOH_L1,COOH,large,5.0,1.9578674957175144,3.802512951214063,0.8643369638632973
series,False,159,COOH_L2,COOH,large,5.0,1.9509686416073224,3.9008002104751887,0.8851101884461381
series,False,160,COOH_S1,COOH,small,5.0,1.4827432602142565,2.820291785857095,0.7632467783668231
series,False,161,COOH_S2,COOH,small,5.0,1.3777774506751963,3.163844796544757,0.6331148963828962
series,False,162,PEG_L3,PEG,large,5.0,1.6955954828454385,3.2824507546216597,0.901430284703828
series,False,163,COOH_L3,COOH,large,5.0,1.6858210855650588,3.4540804878332354,0.9490635306689894
series,False,164,COOH_S3,COOH,small,5.0,1.1242813315297846,2.589820695656692,0.7656093840876111
series,False,165,PEG_control,PEG,control,5.0,0.914612088224153,2.017633266620894,-0.1373198562788488
series,False,166,COOH_control,COOH,control,5.0,1.2329664539475644,3.468591152041113,-0.6849113500879093
series,False,167,PEG_S3,PEG,small,5.0,0.8374817997937215,1.7436068210620137,0.0745981601306938
series,False,168,PEG_L1,PEG,large,5.5,2.353773642955859,3.8322860547576494,0.7458786031681032
series,False,169,PEG_L2,PEG,large,5.5,1.9256861814022503,3.734954091831443,0.8928446252986139
series,False,170,PEG_S1,PEG,small,5.5,1.089058987523686,2.585208138069229,0.6263258210280057
series,False,171,PEG_S2,PEG,small,5.5,1.6707057089600514,3.6599225390926864,0.7969275724630901
series,False,172,COOH_L1,COOH,large,5.5,1.975353550033038,3.8087341132857455,0.8491916721254242
series,False,173,COOH_L2,COOH,large,5.5,2.0070253108211524,3.8697772370339023,0.8073061207291022
series,False,174,COOH_S1,COOH,small,5.5,1.4521803867583791,2.831440684993988,0.6929915010533005
series,False,175,COOH_S2,COOH,small,5.5,1.4258295197110582,3.226502327056344,0.6322534015011169
series,False,176,PEG_L3,PEG,large,5.5,1.7189641892516188,3.3226602882189975,0.8874580503972249
series,False,177,COOH_L3,COOH,large,5.5,1.659906894259839,3.495330770426992,0.9501066415886108
series,False,178,COOH_S3,COOH,small,5.5,1.0746698740539966,2.3407894375857343,0.7576940080171852
series,False,179,PEG_S3,PEG,small,5.5,0.7827765197488369,1.644510271536756,-0.1484072107107759
series,False,180,PEG_control,PEG,control,5.5,0.6726395557650893,1.9389237814690023,0.369382651698498
series,False,181,COOH_control,COOH,control,5.5,1.3925414408197443,2.8246547936884636,0.5480690397149048
series,False,182,PEG_L1,PEG,large,6.0,2.2121278267553217,3.823972804637118,0.7435548218675604
series,False,183,PEG_L2,PEG,large,6.0,2.1297014503754292,3.7828145023615134,0.9325288621265349
series,False,184,PEG_S1,PEG,small,6.0,1.2571846361637888,2.6699512522823583,0.7223641421395482
series,False,185,PEG_S2,PEG,small,6.0,1.6449405382342528,3.488156539156353,0.6965844969690116
series,False,186,COOH_L1,COOH,large,6.0,2.0135481133196627,3.8206347480503906,0.8413419081087496
series,False,187,COOH_L2,COOH,large,6.0,2.038064127833982,3.973676409665702,0.8440879978045431
series,False,188,COOH_S1,COOH,small,6.0,1.3586834080095842,2.846020304118456,0.556714093133966
series,False,189,COOH_S2,COOH,small,6.0,1.3943695956254922,3.2892564224859493,0.5375992409817997
series,False,190,PEG_L3,PEG,large,6.0,1.709096040379383,3.307251325851012,0.898848783533803
series,False,191,COOH_L3,COOH,large,6.0,1.8922833705308977,3.659211842288233,0.8913287461817804
series,False,192,COOH_S3,COOH,small,6.0,1.099138710279996,2.4021452990398147,0.8205554496259089
series,False,193,PEG_S3,PEG,small,6.0,0.8875351070029975,1.9654163415213413,0.7467306540259968
series,False,194,COOH_control,COOH,control,6.0,1.1998080115734358,3.331940547955248,-0.7118688501365351
series,False,195,PEG_control,PEG,control,6.0,0.9305528355717696,2.0275682298790367,-0.1716010203833543
series,True,0,PEG_L1,PEG,large,0.0,1.0881034420905138,2.4592195494940947,0.2549782217197949
series,True,1,PEG_L2,PEG,large,0.0,1.1828265207095143,2.5278574181117537,0.0418292281027911
series,True,2,PEG_S1,PEG,small,0.0,0.7385404564744131,1.8727195743045215,0.210831903856919
series,True,3,PEG_S2,PEG,small,0.0,1.2789024751901912,2.6848714830710545,0.1450252856352072
series,True,4,COOH_L1,COOH,large,0.0,0.9307735835695168,2.052050865903584,-0.0314906602184861
series,True,5,COOH_L2,COOH,large,0.0,0.8682844873423248,1.8888035122544276,0.0514620487189631
series,True,6,COOH_S1,COOH,small,0.0,0.8788012916626683,1.845225393500065,0.2410513649767272
series,True,7,COOH_S2,COOH,small,0.0,0.891211297505287,1.8391585166193751,-0.652190392350414
series,True,8,PEG_L1,PEG,large,0.0,1.610200287979378,3.8759391954433817,0.3269824290221659
series,True,9,PEG_L2,PEG,large,0.0,1.484032234574753,3.352068407648631,0.4678523889604543
series,True,10,PEG_S1,PEG,small,0.0,1.026444758023614,2.16276810964098,0.0846671478338357
series,True,11,PEG_S2,PEG,small,0.0,1.5091219587516158,3.98552196359818,0.3237813499587675
series,True,12,COOH_L1,COOH,large,0.0,1.3764024996406938,3.835782000435096,0.4837836907079268
series,True,13,COOH_L2,COOH,large,0.0,1.3333436259344082,4.0568245863269565,0.2667124175820376
series,True,14,COOH_S1,COOH,small,0.0,0.8650306511348879,1.827743400651282,0.3811513933825357
series,True,15,COOH_S2,COOH,small,0.0,1.0289326609313811,2.1946265996007717,0.1553594541813068
series,True,16,PEG_L3,PEG,large,0.0,1.099759945470582,2.408981302243731,0.4252508612709894
series,True,17,PEG_S3,PEG,small,0.0,0.7667954622800343,2.014398936389496,0.6328814431957647
series,True,18,COOH_L3,COOH,large,0.0,1.0175629722611483,2.291368522828796,0.244895498797326
series,True,19,COOH_S3,COOH,small,0.0,1.0079309794732512,2.0648955206193715,-0.0006504795396089
series,True,20,PEG_control,PEG,control,0.0,1.3647176269360768,2.73684714041594,0.1833953635729782
series,True,21,COOH_control,COOH,control,0.0,0.8733808758211226,1.8689535920667764,-0.0966052754750049
series,True,22,PEG_L3,PEG,large,0.0,1.5190629688337645,3.183592516552076,0.5714979043206047
series,True,23,PEG_S3,PEG,small,0.0,1.050420873370627,2.1603408988358455,0.1696876265591917
series,True,24,COOH_L3,COOH,large,0.0,1.6373634011622886,3.618666514091093,0.4299393395637724
series,True,25,COOH_S3,COOH,small,0.0,1.0405929547767858,2.1789357469499615,0.1654944308082421
series,True,26,PEG_control,PEG,control,0.0,0.9329851471955388,2.5142320700595064,0.6051234259806004
series,True,27,COOH_control,COOH,control,0.0,0.8167359446476,1.7214300656329269,-0.5355517488814545
series,True,28,PEG_L1,PEG,large,0.5,1.5845497854029151,3.7767183013642778,0.6720899904767936
series,True,29,PEG_L2,PEG,large,0.5,1.2762658841842225,3.350845138367056,0.7686967510647011
series,True,30,PEG_S1,PEG,small,0.5,0.7210838095230341,1.606720686251515,0.80606042689086
series,True,31,PEG_S2,PEG,small,0.5,1.4771686289352817,3.7827708273010976,0.4676511298421063
series,True,32,COOH_L1,COOH,large,0.5,1.3553899697437066,3.660389742921661,0.7195387050989657
series,True,33,COOH_L2,COOH,large,0.5,1.3090950991314996,3.798428653604008,0.7366946420843938
series,True,34,COOH_S1,COOH,small,0.5,0.7710111807339239,1.713385761096217,0.4474548303058861
series,True,35,COOH_S2,COOH,small,0.5,0.9108054322297152,2.1884104962880286,-0.1786629852072201
series,True,36,PEG_L3,PEG,large,0.5,1.5863129451575904,3.351198071645461,0.6722933922196374
series,True,37,PEG_S3,PEG,small,0.5,0.7594510543666431,2.0255857090282983,0.6643283083858427
series,True,38,COOH_L3,COOH,large,0.5,1.1240538831112108,2.998103114722384,0.8704591491936182
series,True,39,COOH_S3,COOH,small,0.5,1.035211432659717,2.1701086781257057,0.058672932167254
series,True,40,PEG_control,PEG,control,0.5,1.0122881942530222,2.427627843652235,0.2484475492566235
series,True,41,COOH_control,COOH,control,0.5,0.8565367298023271,1.8578068577243785,-0.2264769024221141
series,True,42,PEG_L1,PEG,large,1.0,1.372080671666695,3.2766829853031543,0.8688126080146878
series,True,43,PEG_L2,PEG,large,1.0,1.3894139909954264,3.4409152951589728,0.796385578869301
series,True,44,PEG_S1,PEG,small,1.0,0.632505607494996,1.5800661037102726,0.5727667050277766
series,True,45,PEG_S2,PEG,small,1.0,1.530848804484738,3.633334298286244,0.4203375396751391
series,True,46,COOH_L1,COOH,large,1.0,1.4045840833024867,3.6412037986802073,0.7820119828570218
series,True,47,COOH_L2,COOH,large,1.0,1.3560912529422562,3.687441994758813,0.7962963280039508
series,True,48,COOH_S1,COOH,small,1.0,0.805033253711245,1.8919927430656736,0.5172984937662282
series,True,49,COOH_S2,COOH,small,1.0,0.8035300398489182,2.012614623243934,-0.1147623668445986
series,True,50,PEG_L3,PEG,large,1.0,1.4616083034063911,3.309316613643658,0.750693639783952
series,True,51,PEG_S3,PEG,small,1.0,0.7429494057148905,1.9908318286881417,0.6846601574523841
series,True,52,COOH_L3,COOH,large,1.0,1.3494016537355678,3.277104618666987,0.8641706983900473
series,True,53,COOH_S3,COOH,small,1.0,0.7949197984212215,1.9996457933680465,0.506500390824429
series,True,54,PEG_control,PEG,control,1.0,0.9642008654026168,2.377343934678119,0.311828611800304
series,True,55,COOH_control,COOH,control,1.0,0.8232227383128977,1.8229154619351868,-0.2006205102587478
series,True,56,PEG_L1,PEG,large,1.5,1.462233818041776,3.48841560544686,0.8569347988319395
series,True,57,PEG_L2,PEG,large,1.5,1.5064948526656785,3.468048309059289,0.8167691185538226
series,True,58,PEG_S1,PEG,small,1.5,0.7631809093781343,1.805227543067236,0.6654996812821937
series,True,59,PEG_S2,PEG,small,1.5,1.4348924679308357,3.657811529421641,0.6967551928543877
series,True,60,COOH_L1,COOH,large,1.5,1.487704409857557,3.560127229267703,0.8176661555667973
series,True,61,COOH_L2,COOH,large,1.5,1.500685567657709,3.6241762975008234,0.8317353626249024
series,True,62,COOH_S1,COOH,small,1.5,0.8881933429269887,2.4709341197159738,0.244142900660448
series,True,63,COOH_S2,COOH,small,1.5,1.0091243465673114,2.666091756472192,0.5010348670866978
series,True,64,PEG_L3,PEG,large,1.5,1.4032973712520642,3.087449891343334,0.8261854404826452
series,True,65,PEG_S3,PEG,small,1.5,1.000980280460273,2.234734977368914,0.1525535775795294
series,True,66,COOH_L3,COOH,large,1.5,1.4884280863781876,3.2727713888419117,0.8897928897429236
series,True,67,COOH_S3,COOH,small,1.5,0.8254259454922998,2.0327117362648086,0.4582333157842861
series,True,68,PEG_control,PEG,control,1.5,0.952515970140738,2.366717682395562,0.3178457767311812
series,True,69,COOH_control,COOH,control,1.5,0.8813506850074686,1.874560297630071,-0.3375425744756973
series,True,70,PEG_L1,PEG,large,2.0,1.5853175674733575,3.40388117713609,0.8903330647273061
series,True,71,PEG_L2,PEG,large,2.0,1.6056677707803106,3.378485675077245,0.8941998272619908
series,True,72,PEG_S1,PEG,small,2.0,0.9468975770509548,2.2747112082928416,0.6544883050169522
series,True,73,PEG_S2,PEG,small,2.0,1.5868921779466176,3.7235565355729454,0.6540461330147376
series,True,74,COOH_L1,COOH,large,2.0,1.6034592522561455,3.5936982078853053,0.8295001628803534
series,True,75,COOH_L2,COOH,large,2.0,1.694840382958943,3.67803670042842,0.824429909413796
series,True,76,COOH_S1,COOH,small,2.0,0.9599347570163772,2.26644240828253,0.497768508802234
series,True,77,COOH_S2,COOH,small,2.0,1.0388656726249847,3.208018964904092,0.0895274609489471
series,True,78,PEG_L3,PEG,large,2.0,1.4932072182241003,3.1043908973151204,0.8559592732298078
series,True,79,PEG_S3,PEG,small,2.0,0.7383819026702328,1.986767460147259,0.7259064781504273
series,True,80,COOH_L3,COOH,large,2.0,1.5754556539823683,3.2459560393761544,0.948153788948924
series,True,81,COOH_S3,COOH,small,2.0,0.7087948198491753,1.8153850560530216,0.6443305998981291
series,True,82,PEG_control,PEG,control,2.0,0.8998952027161401,2.286964731285989,0.3421081048731047
series,True,83,COOH_control,COOH,control,2.0,1.3571437194084397,3.505541287029115,-0.653762696145001
series,True,84,PEG_L1,PEG,large,2.5,1.7163182239761596,3.5786062162712207,0.8837178093114104
series,True,85,PEG_L2,PEG,large,2.5,1.7436314406058453,3.580371425907709,0.8754488605383637
series,True,86,PEG_S1,PEG,small,2.5,1.064079996184378,2.5133031488563606,0.669623557222653
series,True,87,PEG_S2,PEG,small,2.5,1.6360690759158447,3.6150770226667026,0.5262025549518351
series,True,88,COOH_L1,COOH,large,2.5,1.769464006609066,3.6328451780528814,0.8262816146023556
series,True,89,COOH_L2,COOH,large,2.5,1.8071878878309624,3.685086230402182,0.810050184201083
series,True,90,COOH_S1,COOH,small,2.5,0.9983548833385312,2.38568428473259,0.5622596040180274
series,True,91,COOH_S2,COOH,small,2.5,1.2376979869269178,3.351322567959495,0.3600721380879836
series,True,92,PEG_L3,PEG,large,2.5,1.5788551786062095,3.1583723878992083,0.8784635380255713
series,True,93,PEG_S3,PEG,small,2.5,0.7267111824411844,1.91343098984466,0.7203330352273705
series,True,94,COOH_L3,COOH,large,2.5,1.6607601307039208,3.37752102427647,0.954325869634164
series,True,95,COOH_S3,COOH,small,2.5,0.7641074220015532,1.7880388235934273,0.3985121905182562
series,True,96,PEG_control,PEG,control,2.5,0.8790437616833733,2.2607638069582094,0.3362045945922665
series,True,97,COOH_control,COOH,control,2.5,0.8427764059775772,1.7804258086164082,-0.3816953975361096
series,True,98,PEG_L1,PEG,large,3.0,1.8046484777655336,3.625672846126347,0.8930269378219804
series,True,99,PEG_L2,PEG,large,3.0,1.8105003642735775,3.653927151833991,0.8767473041662862
series,True,100,PEG_S1,PEG,small,3.0,1.067324631063619,2.413735563192418,0.6426883024482927
series,True,101,PEG_S2,PEG,small,3.0,1.5628350001489175,3.4379648494443655,0.413636294092721
series,True,102,COOH_L1,COOH,large,3.0,1.8209200629782176,3.666221216052439,0.8473698558666712
series,True,103,COOH_L2,COOH,large,3.0,1.814484066960374,3.727775733289718,0.8469293802849404
series,True,104,COOH_S1,COOH,small,3.0,1.0489241235837912,2.517896818645798,0.4773316665010201
series,True,105,COOH_S2,COOH,small,3.0,1.191921521218064,3.3795075137410837,0.0297328968847905
series,True,106,PEG_L3,PEG,large,3.0,1.641853027584908,3.2135810131820066,0.8950623855256603
series,True,107,PEG_S3,PEG,small,3.0,0.8086728474146342,2.0104400342999074,0.5578059442998369
series,True,108,COOH_L3,COOH,large,3.0,1.6821395061318067,3.472523949122133,0.9569828127884756
series,True,109,COOH_S3,COOH,small,3.0,0.7269116054413852,1.72476164168731,0.6012555338033468
series,True,110,PEG_control,PEG,control,3.0,0.8159716324107398,2.154731990401034,0.3399613638919561
series,True,111,COOH_control,COOH,control,3.0,1.2651073612597314,3.380154730539148,-0.7045660004707827
series,True,112,PEG_L1,PEG,large,3.5,1.895855312799156,3.6800468232408337,0.908103127388304
series,True,113,PEG_L2,PEG,large,3.5,1.858302130257411,3.690189663523727,0.8810307885976274
series,True,114,PEG_S1,PEG,small,3.5,1.132207080156989,2.524355235198534,0.6691977769334304
series,True,115,PEG_S2,PEG,small,3.5,1.582781663448261,3.4816696788805066,0.6007344884501188
series,True,116,COOH_L1,COOH,large,3.5,1.8881070422648745,3.7284213098729233,0.8409341649272857
series,True,117,COOH_L2,COOH,large,3.5,1.9336799780943268,3.818094569712337,0.8904443899732062
series,True,118,COOH_S1,COOH,small,3.5,1.0814050688524592,2.525203973699257,0.5636012244124886
series,True,119,COOH_S2,COOH,small,3.5,1.2970758108729836,3.3160830177141287,0.4197124541558682
series,True,120,PEG_L3,PEG,large,3.5,1.6772811364836542,3.2588449813662663,0.892170530620189
series,True,121,PEG_S3,PEG,small,3.5,0.7868293505768228,1.9539415965585205,0.7333693546349812
series,True,122,COOH_L3,COOH,large,3.5,1.7428269453725258,3.5115811241036634,0.9573671240073854
series,True,123,COOH_S3,COOH,small,3.5,0.7475459146548288,1.688492017168924,0.6543768765763458
series,True,124,PEG_control,PEG,control,3.5,0.7957438457252921,2.102940677586395,0.3148406426500243
series,True,125,COOH_control,COOH,control,3.5,1.247942926152008,3.426685428951909,-0.7015510891548511
series,True,126,PEG_L1,PEG,large,4.0,1.9436368908165536,3.738579779509025,0.9061920566961648
series,True,127,PEG_L2,PEG,large,4.0,1.9603374126344777,3.763768099738629,0.8471143160782612
series,True,128,PEG_S1,PEG,small,4.0,1.1972379125507795,2.7716053731383923,0.7699504085068571
series,True,129,PEG_S2,PEG,small,4.0,1.6558415603083316,3.666593407653672,0.7384832892030161
series,True,130,COOH_L1,COOH,large,4.0,1.9447418656077675,3.7740301140914903,0.8400302737782767
series,True,131,COOH_L2,COOH,large,4.0,2.0751336753520273,3.910839390230389,0.7733536579593338
series,True,132,COOH_S1,COOH,small,4.0,1.1194679294020065,2.5755378132623648,0.5813100880266069
series,True,133,COOH_S2,COOH,small,4.0,1.2836610749781217,3.3258756641306766,0.2967776869109329
series,True,134,PEG_L3,PEG,large,4.0,1.6442481528790371,3.2410963225573854,0.9110995135749902
series,True,135,PEG_S3,PEG,small,4.0,0.8101379697126663,1.9240774359863373,0.6389479349155629
series,True,136,COOH_L3,COOH,large,4.0,1.7743090182975736,3.620635754834132,0.9507318156139176
series,True,137,COOH_S3,COOH,small,4.0,0.8127841054939855,1.720843831119255,0.5400306914637732
series,True,138,PEG_control,PEG,control,4.0,0.765276198377211,2.057860423026884,0.363863631511286
series,True,139,COOH_control,COOH,control,4.0,1.2417000678797598,3.278113232547836,-0.6955820749567548
series,True,140,PEG_L1,PEG,large,4.5,2.301998490477726,3.813307178238962,0.7364242312066868
series,True,141,PEG_L2,PEG,large,4.5,1.896953129339502,3.722571260105203,0.8782477481364324
series,True,142,PEG_S1,PEG,small,4.5,1.1995659696963146,2.799602292986643,0.6974772519522614
series,True,143,PEG_S2,PEG,small,4.5,1.6164981298175558,3.471437377562424,0.5773905203584071
series,True,144,COOH_L1,COOH,large,4.5,1.947845741278454,3.790984865378592,0.8617658066185018
series,True,145,COOH_L2,COOH,large,4.5,1.9596870473727657,3.8702558444191455,0.8812553941069589
series,True,146,COOH_S1,COOH,small,4.5,1.206433465015821,2.576295505066544,0.6298547747447463
series,True,147,COOH_S2,COOH,small,4.5,1.358890997256757,3.2874814004701967,0.544389446812713
series,True,148,PEG_L3,PEG,large,4.5,1.6113099474688688,3.2436252690213956,0.9171257953977178
series,True,149,PEG_S3,PEG,small,4.5,0.9036104147490068,2.048114109437831,0.8811391673263106
series,True,150,COOH_L3,COOH,large,4.5,1.7783669787244856,3.5385309754969954,0.9561924183371886
series,True,151,COOH_S3,COOH,small,4.5,0.8523032541526362,1.7832219636722422,0.6486480471060172
series,True,152,PEG_control,PEG,control,4.5,0.7031311346687592,1.9373914473476157,0.4311893650654544
series,True,153,COOH_control,COOH,control,4.5,1.238484516954626,3.4482216323038912,-0.6920273365662636
series,True,154,PEG_L1,PEG,large,5.0,2.1943739677066776,3.832493803510084,0.7690178839820616
series,True,155,PEG_L2,PEG,large,5.0,1.912048151800859,3.7376040214910424,0.8804456816920366
series,True,156,PEG_S1,PEG,small,5.0,1.4757206927340825,2.7612905661643796,0.8517759429395156
series,True,157,PEG_S2,PEG,small,5.0,1.5947982490167214,3.4625588629142645,0.6545566395486573
series,True,158,COOH_L1,COOH,large,5.0,1.9578670505843443,3.8025241801852343,0.8641489744390211
series,True,159,COOH_L2,COOH,large,5.0,1.953201758146626,3.886587060298158,0.8838266591825357
series,True,160,COOH_S1,COOH,small,5.0,1.3344801006456888,2.7451435212580924,0.6623915643701408
series,True,161,COOH_S2,COOH,small,5.0,1.3782096787294214,3.1596295257008005,0.640838450802273
series,True,162,PEG_L3,PEG,large,5.0,1.739391861845184,3.3595035061735863,0.8689658696516159
series,True,163,COOH_L3,COOH,large,5.0,1.759781819097875,3.5549526720772677,0.9524097787125684
series,True,164,COOH_S3,COOH,small,5.0,1.1203712905036332,2.5748857141659967,0.7173616927525492
series,True,165,PEG_control,PEG,control,5.0,0.6668570353792032,1.9108173866264249,0.4889224458449493
series,True,166,COOH_control,COOH,control,5.0,1.133591352963597,3.4327064024213296,-0.6721621161330961
series,True,167,PEG_S3,PEG,small,5.0,0.8456180154515388,1.9548992395787304,0.8009680689921859
series,True,168,PEG_L1,PEG,large,5.5,2.355733015333829,3.8324422397984015,0.7442719829569988
series,True,169,PEG_L2,PEG,large,5.5,1.927085036729057,3.7351803338920018,0.8926731009932124
series,True,170,PEG_S1,PEG,small,5.5,1.0930560329738357,2.5845946020684702,0.6350184460337703
series,True,171,PEG_S2,PEG,small,5.5,1.6747005627905136,3.66134703448354,0.7927864117380009
series,True,172,COOH_L1,COOH,large,5.5,1.975392929723225,3.8087495834895257,0.8491338586972398
series,True,173,COOH_L2,COOH,large,5.5,2.000262434632498,3.8523200605050496,0.8060576383971936
series,True,174,COOH_S1,COOH,small,5.5,1.4461273694632306,2.8269969468299547,0.6897184023253081
series,True,175,COOH_S2,COOH,small,5.5,1.4253617689371545,3.203449368531437,0.6661015221377523
series,True,176,PEG_L3,PEG,large,5.5,1.7196485277880222,3.326389984837233,0.8850127658669573
series,True,177,COOH_L3,COOH,large,5.5,1.7810614841646326,3.5554947648097333,0.9561830279187054
series,True,178,COOH_S3,COOH,small,5.5,1.0752471130048555,2.334799715953067,0.7227680629943602
series,True,179,PEG_S3,PEG,small,5.5,0.898816056008799,2.0374668178298867,0.8228359614616256
series,True,180,PEG_control,PEG,control,5.5,0.7934281059669616,2.014145399093612,0.6249336844910116
series,True,181,COOH_control,COOH,control,5.5,1.3955757317051372,2.824961206683736,0.5498000206473667
series,True,182,PEG_L1,PEG,large,6.0,2.212110966010586,3.823958684900932,0.7434960171491838
series,True,183,PEG_L2,PEG,large,6.0,2.253199244495414,3.816001484435724,0.9371768998420082
series,True,184,PEG_S1,PEG,small,6.0,1.2584830424356397,2.67070965892806,0.7227479032874984
series,True,185,PEG_S2,PEG,small,6.0,1.644434990712024,3.4863636146500623,0.6953706282755522
series,True,186,COOH_L1,COOH,large,6.0,2.0135305394920215,3.82065967535519,0.8412955100922277
series,True,187,COOH_L2,COOH,large,6.0,2.0381901719485955,3.958185628847318,0.8426160121797529
series,True,188,COOH_S1,COOH,small,6.0,1.3016159248598942,2.7772708674304423,0.5473841878386809
series,True,189,COOH_S2,COOH,small,6.0,1.3942203769427024,3.2888378915381025,0.537361454924877
series,True,190,PEG_L3,PEG,large,6.0,1.7048489066373271,3.303253792610643,0.9011241401219352
series,True,191,COOH_L3,COOH,large,6.0,1.9186421731079055,3.757795873734735,0.9150365970736428
series,True,192,COOH_S3,COOH,small,6.0,1.1059914448574286,2.4021417200660946,0.7874456455404012
series,True,193,PEG_S3,PEG,small,6.0,1.0958163153675915,2.295025819643724,0.9075636225336652
series,True,194,COOH_control,COOH,control,6.0,1.1985983089102832,3.3395104058484537,-0.7128668255361092
series,True,195,PEG_control,PEG,control,6.0,0.6977345056736499,1.9506410391693405,0.49147906322477
repair,False,0,PEG_L1,PEG,large,0.0,1.1779946568516249,2.4706182766813525,0.150463622997594
repair,False,1,PEG_L2,PEG,large,0.0,1.194568533479565,2.554551815346386,0.0657385212160121
repair,False,2,PEG_S1,PEG,small,0.0,0.8286540198935675,1.927679284337509,0.0858462410336598
repair,False,3,PEG_S2,PEG,small,0.0,1.2508624152784025,2.6750137050496483,0.2297683751347758
repair,False,4,COOH_L1,COOH,large,0.0,0.9386952528414936,2.0651530930386546,0.0107260930489589
repair,False,5,COOH_L2,COOH,large,0.0,0.8726051066214869,1.895464797228406,0.0494818753152805
repair,False,6,COOH_S1,COOH,small,0.0,0.8782019301737752,1.8434248339874637,0.2484958715882076
repair,False,7,COOH_S2,COOH,small,0.0,0.956128128351063,1.973156868340944,-0.4807431175197512
repair,False,8,PEG_L1,PEG,large,0.0,1.6070749041396009,3.856827426332076,0.3237901451015385
repair,False,9,PEG_L2,PEG,large,0.0,1.4835880358932878,3.351659072321534,0.4681158264497073
repair,False,10,PEG_S1,PEG,small,0.0,1.026624975964231,2.1632151420716377,0.0848647364036235
repair,False,11,PEG_S2,PEG,small,0.0,1.5112423380665754,3.985672193598212,0.327891372882216
repair,False,12,COOH_L1,COOH,large,0.0,1.3766740684158625,3.835885224506187,0.4835467345919511
repair,False,13,COOH_L2,COOH,large,0.0,1.3202562970306273,4.068072126457251,0.2744686951368367
repair,False,14,COOH_S1,COOH,small,0.0,0.8651320928161399,1.8279363464920648,0.3811498699399561
repair,False,15,COOH_S2,COOH,small,0.0,1.0313648518901737,2.1965756611787004,0.1523436011599238
repair,False,16,PEG_L3,PEG,large,0.0,1.099532847144966,2.484464258251054,0.523044334170116
repair,False,17,PEG_S3,PEG,small,0.0,0.9346069686759608,1.971440396151506,0.2981997966160145
repair,False,18,COOH_L3,COOH,large,0.0,1.1389554968292257,2.2864942843863747,0.0839646765547676
repair,False,19,COOH_S3,COOH,small,0.0,1.034043468286763,2.1052955651933587,0.0797499837450362
repair,False,20,PEG_control,PEG,control,0.0,1.3468779196112812,2.6794816925142095,0.1551390204307179
repair,False,21,COOH_control,COOH,control,0.0,0.869929983124541,1.867534388766257,-0.1023080603029283
repair,False,22,PEG_L3,PEG,large,0.0,1.518932966325113,3.184432594458116,0.5709512316759644
repair,False,23,PEG_S3,PEG,small,0.0,1.006970746161443,2.0720189482961224,0.2140506275580258
repair,False,24,COOH_L3,COOH,large,0.0,1.620683371820555,3.462003372740221,0.4283490515762525
repair,False,25,COOH_S3,COOH,small,0.0,1.0389361716898815,2.180027887952405,0.1672630292553629
repair,False,26,PEG_control,PEG,control,0.0,1.2377419886724637,2.5461711497159487,0.0750874146254567
repair,False,27,COOH_control,COOH,control,0.0,0.8562044038813973,1.8084777166977524,-0.370684170569925
repair,False,28,PEG_L1,PEG,large,0.5,1.5790492513663157,3.7590248696384494,0.6674825392851776
repair,False,29,PEG_L2,PEG,large,0.5,1.3407472215371867,3.4320245461507675,0.7385199251211931
repair,False,30,PEG_S1,PEG,small,0.5,0.720908234535145,1.605924093618685,0.805939536214996
repair,False,31,PEG_S2,PEG,small,0.5,1.447754192588244,3.7726608356502944,0.5118962237800074
repair,False,32,COOH_L1,COOH,large,0.5,1.3675521718848722,3.6772181325887385,0.711149190902609
repair,False,33,COOH_L2,COOH,large,0.5,1.3128481349616374,3.8111397229172463,0.7369096492852263
repair,False,34,COOH_S1,COOH,small,0.5,0.7694095426874634,1.7044595589927731,0.4576700280472398
repair,False,35,COOH_S2,COOH,small,0.5,0.9071466202914068,2.1773023730944527,-0.180958743001691
repair,False,36,PEG_L3,PEG,large,0.5,1.5631806260802803,3.3136453662527146,0.6842155499114835
repair,False,37,PEG_S3,PEG,small,0.5,0.9919537498748984,1.9556889847453731,-0.2747938642210109
repair,False,38,COOH_L3,COOH,large,0.5,1.2466568400323748,3.2243771604148,0.8185008650606785
repair,False,39,COOH_S3,COOH,small,0.5,0.8937484196100484,2.1103447502511847,0.3303699219582779
repair,False,40,PEG_control,PEG,control,0.5,1.1596615981395006,2.352427499611258,-0.1495936400762005
repair,False,41,COOH_control,COOH,control,0.5,0.8298449390848952,1.8281776272789223,-0.1971998293893728
repair,False,42,PEG_L1,PEG,large,1.0,1.3326859132367042,3.457129690102984,0.8349423048542775
repair,False,43,PEG_L2,PEG,large,1.0,1.3985197422085924,3.4580052999224833,0.7924507552290707
repair,False,44,PEG_S1,PEG,small,1.0,0.6356146235507829,1.594094578641161,0.6055223354545929
repair,False,45,PEG_S2,PEG,small,1.0,1.4700500943166297,3.6399730023446466,0.5959197902211151
repair,False,46,COOH_L1,COOH,large,1.0,1.4069938672162574,3.646703865089218,0.7795018034654451
repair,False,47,COOH_L2,COOH,large,1.0,1.3625605142459338,3.7065138438309777,0.7920902210038083
repair,False,48,COOH_S1,COOH,small,1.0,0.8095515332121421,1.9163121745873497,0.4961009949105625
repair,False,49,COOH_S2,COOH,small,1.0,0.8187722700748437,1.9974350520081623,0.1447441511141857
repair,False,50,PEG_L3,PEG,large,1.0,1.421751870905669,3.2118696521875316,0.7746590740315376
repair,False,51,PEG_S3,PEG,small,1.0,0.9613403903610612,1.9234281660692956,-0.3199887952113791
repair,False,52,COOH_L3,COOH,large,1.0,1.3797669054576431,3.273640939758113,0.8220931015899773
repair,False,53,COOH_S3,COOH,small,1.0,0.8148092090022239,2.0098390869729466,0.4480362586690305
repair,False,54,PEG_control,PEG,control,1.0,1.119171767320623,2.322080447103275,-0.0908247277480424
repair,False,55,COOH_control,COOH,control,1.0,0.7786727363379743,1.7669715985067975,-0.1655094143232516
repair,False,56,PEG_L1,PEG,large,1.5,1.5344102093557093,3.561009783767322,0.8215706745531387
repair,False,57,PEG_L2,PEG,large,1.5,1.5399648695170662,3.5156483750961782,0.8034839809464798
repair,False,58,PEG_S1,PEG,small,1.5,0.7681797797809483,1.826645652262619,0.6107740036346392
repair,False,59,PEG_S2,PEG,small,1.5,1.4521029625295216,3.664371879015599,0.669802680008477
repair,False,60,COOH_L1,COOH,large,1.5,1.4886453222493423,3.561438033247928,0.8165228724394411
repair,False,61,COOH_L2,COOH,large,1.5,1.4934095223184798,3.61407381587146,0.8412510202214749
repair,False,62,COOH_S1,COOH,small,1.5,0.9427784025811344,2.55213340503133,0.3328579141617604
repair,False,63,COOH_S2,COOH,small,1.5,0.9946272806887853,2.6319166730877903,0.4951375863028996
repair,False,64,PEG_L3,PEG,large,1.5,1.4236738022505058,3.146315644335357,0.8161886525826547
repair,False,65,PEG_S3,PEG,small,1.5,0.9667185674460128,1.961409698298361,-0.2968816625914128
repair,False,66,COOH_L3,COOH,large,1.5,1.473363357924503,3.2122639720423702,0.8732882709487367
repair,False,67,COOH_S3,COOH,small,1.5,0.8317835642545427,2.042051689533468,0.4503872980547712
repair,False,68,PEG_control,PEG,control,1.5,1.1004818919964456,2.3085766260690623,-0.0884903016591338
repair,False,69,COOH_control,COOH,control,1.5,0.8182928863574133,1.8078275341694925,-0.2501737316891336
repair,False,70,PEG_L1,PEG,large,2.0,1.5637984772023226,3.436559269394493,0.8797818757594366
repair,False,71,PEG_L2,PEG,large,2.0,1.5860506129887626,3.4495730449014452,0.8641577011706459
repair,False,72,PEG_S1,PEG,small,2.0,0.9634686641762612,2.3497317066832974,0.6681856703474653
repair,False,73,PEG_S2,PEG,small,2.0,1.5605231337558942,3.741456565380054,0.7111443728033698
repair,False,74,COOH_L1,COOH,large,2.0,1.6134800353920262,3.5999007747339284,0.8248201391968982
repair,False,75,COOH_L2,COOH,large,2.0,1.6973006513036908,3.6870015511501215,0.8289632473139387
repair,False,76,COOH_S1,COOH,small,2.0,0.9840405048699788,2.319003405824273,0.5300147626160577
repair,False,77,COOH_S2,COOH,small,2.0,1.0706203988670893,3.158195646592827,0.3130038289962421
repair,False,78,PEG_L3,PEG,large,2.0,1.5004713858148897,3.1299517150855203,0.8478864031525064
repair,False,79,PEG_S3,PEG,small,2.0,0.9548861440454424,1.9720426607662052,-0.191199892601573
repair,False,80,COOH_L3,COOH,large,2.0,1.4963700608610977,3.186225005286779,0.9454951629866593
repair,False,81,COOH_S3,COOH,small,2.0,0.7356494865145661,1.8261064636662765,0.5628853349554886
repair,False,82,PEG_control,PEG,control,2.0,1.0700981087300794,2.2500606239349854,-0.0999834411396665
repair,False,83,COOH_control,COOH,control,2.0,0.7640894606565647,1.8458145100365568,-0.0099129837424575
repair,False,84,PEG_L1,PEG,large,2.5,1.7095632302525807,3.5607277294275814,0.8869701658530658
repair,False,85,PEG_L2,PEG,large,2.5,1.7615622829793516,3.5951300819995677,0.8674849019112768
repair,False,86,PEG_S1,PEG,small,2.5,1.0612284245314785,2.5511209626345797,0.6617634157696375
repair,False,87,PEG_S2,PEG,small,2.5,1.636111047935494,3.7036226810022894,0.6710247728031072
repair,False,88,COOH_L1,COOH,large,2.5,1.763954714401999,3.6337140965348103,0.8312892486115179
repair,False,89,COOH_L2,COOH,large,2.5,1.8215631573330064,3.710261248006549,0.8205386244451167
repair,False,90,COOH_S1,COOH,small,2.5,1.0160249307478235,2.3770505412176224,0.5985234720874661
repair,False,91,COOH_S2,COOH,small,2.5,1.230259170713309,3.3409087736093666,0.3653863643991221
repair,False,92,PEG_L3,PEG,large,2.5,1.5839181189577476,3.1793375447193126,0.8673128382479489
repair,False,93,PEG_S3,PEG,small,2.5,0.9004770267434589,1.889487542518691,-0.1782718089775224
repair,False,94,COOH_L3,COOH,large,2.5,1.5955592217610044,3.328851253616201,0.9519993534761326
repair,False,95,COOH_S3,COOH,small,2.5,0.7585791661282184,1.801406641126048,0.4379291326889358
repair,False,96,PEG_control,PEG,control,2.5,1.044854295515386,2.2229735953528236,-0.1327607269453831
repair,False,97,COOH_control,COOH,control,2.5,0.7861018238994065,1.752078348884813,-0.2564650735533316
repair,False,98,PEG_L1,PEG,large,3.0,1.7977931485252563,3.607116245241461,0.8958390749305821
repair,False,99,PEG_L2,PEG,large,3.0,1.8569734865190952,3.680325660273407,0.8573296963935924
repair,False,100,PEG_S1,PEG,small,3.0,1.0969447982710867,2.734253394092955,0.6096346250953765
repair,False,101,PEG_S2,PEG,small,3.0,1.5856914020116797,3.58683310862866,0.6345532637778295
repair,False,102,COOH_L1,COOH,large,3.0,1.8131645942194083,3.666939676333416,0.853402562839285
repair,False,103,COOH_L2,COOH,large,3.0,1.8342952806688495,3.742317020080487,0.8484353505963932
repair,False,104,COOH_S1,COOH,small,3.0,1.0458837867601276,2.4996494676779633,0.5369882990090805
repair,False,105,COOH_S2,COOH,small,3.0,1.226046655905252,3.423280595837632,0.1703106564640913
repair,False,106,PEG_L3,PEG,large,3.0,1.6506447518660394,3.22057282456084,0.89775271900943
repair,False,107,PEG_S3,PEG,small,3.0,0.8764596190824602,1.8533054947612464,-0.2132037120164427
repair,False,108,COOH_L3,COOH,large,3.0,1.6697173769829294,3.456767509409263,0.9516853498368968
repair,False,109,COOH_S3,COOH,small,3.0,0.7289026663018682,1.73564149659864,0.6133346546025208
repair,False,110,PEG_control,PEG,control,3.0,0.8883846044538224,2.095856172113044,0.0876379408804804
repair,False,111,COOH_control,COOH,control,3.0,0.8840865207756908,1.7421887971198649,-0.6152269762778882
repair,False,112,PEG_L1,PEG,large,3.5,1.8846234803850224,3.6812051865587776,0.8976391154187631
repair,False,113,PEG_L2,PEG,large,3.5,1.9110288102824424,3.71585247569096,0.8576196598865261
repair,False,114,PEG_S1,PEG,small,3.5,1.1395106407026494,2.5359607953253915,0.6868584438206576
repair,False,115,PEG_S2,PEG,small,3.5,1.5833408861315843,3.5974589557497185,0.7401712422250734
repair,False,116,COOH_L1,COOH,large,3.5,1.881011116741208,3.7306747424048,0.8495679432057577
repair,False,117,COOH_L2,COOH,large,3.5,1.9398052412586368,3.857177077238151,0.8740864555845286
repair,False,118,COOH_S1,COOH,small,3.5,1.105414231709596,2.596704504059882,0.5198384442190701
repair,False,119,COOH_S2,COOH,small,3.5,1.2850218618306413,3.3105002755073936,0.4081324309281087
repair,False,120,PEG_L3,PEG,large,3.5,1.700598509617617,3.3091697094590367,0.8660844588597892
repair,False,121,PEG_S3,PEG,small,3.5,0.8523728812750604,1.8127165431321488,-0.1374168698140203
repair,False,122,COOH_L3,COOH,large,3.5,1.6698141562177382,3.513116532405713,0.9544127703314916
repair,False,123,COOH_S3,COOH,small,3.5,0.7602170411636525,1.7122659151036297,0.625863971297155
repair,False,124,PEG_control,PEG,control,3.5,0.9663199098582612,2.1069349509707345,-0.1623406538005287
repair,False,125,COOH_control,COOH,control,3.5,0.9225421599234248,1.794078041589277,-0.6231155829701127
repair,False,126,PEG_L1,PEG,large,4.0,1.9328268339667645,3.713337828770801,0.9074868830987364
repair,False,127,PEG_L2,PEG,large,4.0,1.9190137172954165,3.7351131794935895,0.8680980723060762
repair,False,128,PEG_S1,PEG,small,4.0,1.1889134957730625,2.767524133613378,0.7618021158286898
repair,False,129,PEG_S2,PEG,small,4.0,1.665024589541447,3.7391606511032487,0.772101342166791
repair,False,130,COOH_L1,COOH,large,4.0,1.942816413227494,3.776492720808285,0.84779688799451
repair,False,131,COOH_L2,COOH,large,4.0,2.082874239102177,3.9308338787334542,0.7637021693347315
repair,False,132,COOH_S1,COOH,small,4.0,1.153729509464773,2.6721419933956567,0.5000313319773267
repair,False,133,COOH_S2,COOH,small,4.0,1.2800628631101116,3.325906322137141,0.3305931866148752
repair,False,134,PEG_L3,PEG,large,4.0,1.7052739765868925,3.290143485343726,0.8975829086731328
repair,False,135,PEG_S3,PEG,small,4.0,0.8264271159934253,1.7497741390998771,-0.0973646057512961
repair,False,136,COOH_L3,COOH,large,4.0,1.860299963593024,3.617103334783892,0.919304809236968
repair,False,137,COOH_S3,COOH,small,4.0,0.7786496612935827,1.6940737913261437,0.7001974228048249
repair,False,138,PEG_control,PEG,control,4.0,0.910352008611322,2.050863907241871,-0.0923205783978097
repair,False,139,COOH_control,COOH,control,4.0,1.1467689986006795,3.588705635309277,-0.621441115718823
repair,False,140,PEG_L1,PEG,large,4.5,2.102216609209031,3.791505316253503,0.7868436036369336
repair,False,141,PEG_L2,PEG,large,4.5,1.8955154090005164,3.720385408410136,0.8815243791294385
repair,False,142,PEG_S1,PEG,small,4.5,1.2150911841330996,2.809662533625846,0.7258635183504016
repair,False,143,PEG_S2,PEG,small,4.5,1.6429837967588616,3.6033248394397543,0.7130107060474288
repair,False,144,COOH_L1,COOH,large,4.5,1.947610195500015,3.791350480142454,0.8613868239633652
repair,False,145,COOH_L2,COOH,large,4.5,1.9706448243881112,3.890852109780409,0.8734452849275947
repair,False,146,COOH_S1,COOH,small,4.5,1.1943607803547556,2.7295599320522355,0.5020833355517739
repair,False,147,COOH_S2,COOH,small,4.5,1.32619107172292,3.289653295070624,0.4628043717946986
repair,False,148,PEG_L3,PEG,large,4.5,1.721368950820937,3.318513398144873,0.9065405281968943
repair,False,149,PEG_S3,PEG,small,4.5,0.8535095900122075,1.7994699540212933,0.1300132416937337
repair,False,150,COOH_L3,COOH,large,4.5,1.658419390066482,3.5162363106222343,0.95204797202793
repair,False,151,COOH_S3,COOH,small,4.5,0.8314659403838648,1.7738503480346974,0.7616237355398516
repair,False,152,PEG_control,PEG,control,4.5,0.8716108958810335,1.9645127575047097,-0.0965930561054926
repair,False,153,COOH_control,COOH,control,4.5,0.9292923106358342,1.8182088904342657,-0.5955474619613482
repair,False,154,PEG_L1,PEG,large,5.0,2.1182633403169824,3.815761101878629,0.7642929009172614
repair,False,155,PEG_L2,PEG,large,5.0,1.91252399557168,3.737912949865464,0.8805070337498972
repair,False,156,PEG_S1,PEG,small,5.0,1.3108353177284036,2.6046004142919275,0.7826749151129887
repair,False,157,PEG_S2,PEG,small,5.0,1.6270816875500358,3.5884775292308593,0.7568406894939691
repair,False,158,COOH_L1,COOH,large,5.0,1.9564060355380792,3.8029711660034,0.8661642975651791
repair,False,159,COOH_L2,COOH,large,5.0,1.949109174502084,3.8999551760506255,0.8833335470115364
repair,False,160,COOH_S1,COOH,small,5.0,1.2930832172824944,2.755007092827379,0.6238765566778662
repair,False,161,COOH_S2,COOH,small,5.0,1.345496787050816,3.185312692778335,0.5536897675869902
repair,False,162,PEG_L3,PEG,large,5.0,1.675731335884314,3.2778008163619785,0.9068763416359016
repair,False,163,COOH_L3,COOH,large,5.0,1.6784810054707786,3.547146320161133,0.9488264536388678
repair,False,164,COOH_S3,COOH,small,5.0,1.1234838227645352,2.5892072029934523,0.7715919301714687
repair,False,165,PEG_control,PEG,control,5.0,0.8914656491262818,2.0012917371351713,-0.1018707028853873
repair,False,166,COOH_control,COOH,control,5.0,0.8248227331859544,1.697571960703883,-0.558126735593799
repair,False,167,PEG_S3,PEG,small,5.0,0.8492749936645364,1.7668149018991264,0.1363579261053791
repair,False,168,PEG_L1,PEG,large,5.5,2.171797054123555,3.8239871097635327,0.7674444796252005
repair,False,169,PEG_L2,PEG,large,5.5,1.9097065559749535,3.738197832905184,0.8933311737051522
repair,False,170,PEG_S1,PEG,small,5.5,1.2650361851572434,2.714590876990242,0.7387235081960691
repair,False,171,PEG_S2,PEG,small,5.5,1.6656876584968272,3.690543787718386,0.8161580236399191
repair,False,172,COOH_L1,COOH,large,5.5,1.9749204936477056,3.808891807835176,0.8503682170744328
repair,False,173,COOH_L2,COOH,large,5.5,2.0104080465291485,3.8796115877002384,0.812254136198659
repair,False,174,COOH_S1,COOH,small,5.5,1.3678268450523543,2.8046366399557896,0.6388055042356905
repair,False,175,COOH_S2,COOH,small,5.5,1.4002399985775047,3.2641274512682017,0.5468536758090072
repair,False,176,PEG_L3,PEG,large,5.5,1.71254057542573,3.3057596199965964,0.8979283278856173
repair,False,177,COOH_L3,COOH,large,5.5,1.6978979310406597,3.5612907544726937,0.9466475685733116
repair,False,178,COOH_S3,COOH,small,5.5,1.0732465088262804,2.339951944594945,0.7597499463914921
repair,False,179,PEG_S3,PEG,small,5.5,0.8201206837247955,1.7025134165580935,0.0174693529857022
repair,False,180,PEG_control,PEG,control,5.5,0.7347245559298852,1.985765439471043,0.1952632757659973
repair,False,181,COOH_control,COOH,control,5.5,0.8280435179643486,1.7466648630775248,0.6570150292127225
repair,False,182,PEG_L1,PEG,large,6.0,2.10368978145991,3.8197363161131617,0.733250979735611
repair,False,183,PEG_L2,PEG,large,6.0,2.0474797497211403,3.7631863205533262,0.906587230779328
repair,False,184,PEG_S1,PEG,small,6.0,1.3246825792615011,2.737810347926708,0.7437135219256853
repair,False,185,PEG_S2,PEG,small,6.0,1.6717167297946942,3.6200845593876263,0.7876027213987483
repair,False,186,COOH_L1,COOH,large,6.0,2.0213488703163076,3.820690675857077,0.8417058203808363
repair,False,187,COOH_L2,COOH,large,6.0,2.071818736700518,3.986610335444165,0.8280273539555713
repair,False,188,COOH_S1,COOH,small,6.0,1.3020613877807796,2.8373036760336197,0.4915960488030386
repair,False,189,COOH_S2,COOH,small,6.0,1.35807371314312,3.254609746050209,0.5166901317985418
repair,False,190,PEG_L3,PEG,large,6.0,1.7095347121111428,3.30758935673415,0.8985758657691241
repair,False,191,COOH_L3,COOH,large,6.0,1.8905949818419512,3.652764856113468,0.8876777844075147
repair,False,192,COOH_S3,COOH,small,6.0,1.1016586876727597,2.402549871496757,0.8063690622336877
repair,False,193,PEG_S3,PEG,small,6.0,0.9073603285833248,1.8995180215773464,0.5509791513038481
repair,False,194,COOH_control,COOH,control,6.0,0.8243650796041209,1.6940253392393547,-0.6110909767571121
repair,False,195,PEG_control,PEG,control,6.0,0.906076259966224,2.040351600916548,-0.0684645074518554
repair,True,0,PEG_L1,PEG,large,0.0,1.177350628359659,2.470251470895678,0.150651237861418
repair,True,1,PEG_L2,PEG,large,0.0,1.193017605221817,2.552951112491749,0.0992803242859597
repair,True,2,PEG_S1,PEG,small,0.0,0.8137245401635925,1.921919583183802,0.1097598503902034
repair,True,3,PEG_S2,PEG,small,0.0,1.2503156555692974,2.6738920783266584,0.2296168180405617
repair,True,4,COOH_L1,COOH,large,0.0,0.9371366241077668,2.0612859165368103,0.0066520950234192
repair,True,5,COOH_L2,COOH,large,0.0,0.8724456357966177,1.895066763204634,0.049011836576326
repair,True,6,COOH_S1,COOH,small,0.0,0.8781520663962216,1.843304581141289,0.2471014459298593
repair,True,7,COOH_S2,COOH,small,0.0,0.9576269421483086,1.9762349820126304,-0.4790600612308654
repair,True,8,PEG_L1,PEG,large,0.0,1.6051069228776,3.8560687762647863,0.3249950814729271
repair,True,9,PEG_L2,PEG,large,0.0,1.484020202197641,3.352061101369406,0.46785557791458
repair,True,10,PEG_S1,PEG,small,0.0,1.026444758023614,2.16276810964098,0.0846671478338357
repair,True,11,PEG_S2,PEG,small,0.0,1.508282872637322,3.9856057151542794,0.3237596580327481
repair,True,12,COOH_L1,COOH,large,0.0,1.3764024996406938,3.835782000435096,0.4837836907079268
repair,True,13,COOH_L2,COOH,large,0.0,1.316069457198296,4.06589548513349,0.2783832459670031
repair,True,14,COOH_S1,COOH,small,0.0,0.8650306511348879,1.827743400651282,0.3811513933825357
repair,True,15,COOH_S2,COOH,small,0.0,1.031202742964994,2.1964814971512387,0.1523384592742934
repair,True,16,PEG_L3,PEG,large,0.0,1.1177146896598795,2.3940166582392273,0.3389909656774673
repair,True,17,PEG_S3,PEG,small,0.0,0.7670728200661665,2.0131999726644803,0.588156718462303
repair,True,18,COOH_L3,COOH,large,0.0,1.1153845680122103,2.2988935344063677,0.130885032901618
repair,True,19,COOH_S3,COOH,small,0.0,1.028725767374797,2.094730648671728,0.0614896913631545
repair,True,20,PEG_control,PEG,control,0.0,1.3827311670865592,2.759687711819058,0.1841027924201692
repair,True,21,COOH_control,COOH,control,0.0,0.8698939319276777,1.8673957870655609,-0.1025262535044253
repair,True,22,PEG_L3,PEG,large,0.0,1.5181762467653372,3.1830179432569685,0.5713248773725369
repair,True,23,PEG_S3,PEG,small,0.0,1.0081446045383198,2.0933259832166184,0.1989791042351211
repair,True,24,COOH_L3,COOH,large,0.0,1.6415754807341914,3.5424074233840437,0.4238725748329148
repair,True,25,COOH_S3,COOH,small,0.0,1.038952736973735,2.178360552936961,0.167507608114842
repair,True,26,PEG_control,PEG,control,0.0,1.0095091187359977,2.536816705802712,0.4104171184695619
repair,True,27,COOH_control,COOH,control,0.0,0.8564348434302529,1.809020203648667,-0.3704219083176076
repair,True,28,PEG_L1,PEG,large,0.5,1.5785701196192965,3.758799974612407,0.6677619264531293
repair,True,29,PEG_L2,PEG,large,0.5,1.3395854575995274,3.4310025881408164,0.7394673313343648
repair,True,30,PEG_S1,PEG,small,0.5,0.7210838095230341,1.606720686251515,0.80606042689086
repair,True,31,PEG_S2,PEG,small,0.5,1.4460020170921686,3.771244668867909,0.5129744967932762
repair,True,32,COOH_L1,COOH,large,0.5,1.367086469869477,3.676646607759497,0.7114560228849689
repair,True,33,COOH_L2,COOH,large,0.5,1.3118702945209029,3.810687679282592,0.7372232992103437
repair,True,34,COOH_S1,COOH,small,0.5,0.7683915237345968,1.7013675679101987,0.4587450897397788
repair,True,35,COOH_S2,COOH,small,0.5,0.9108054322297152,2.1884104962880286,-0.1786629852072201
repair,True,36,PEG_L3,PEG,large,0.5,1.5479999524471937,3.2819721031649483,0.6886405196918174
repair,True,37,PEG_S3,PEG,small,0.5,0.7701018824370353,2.029182137562045,0.6301566084462562
repair,True,38,COOH_L3,COOH,large,0.5,1.219182764133548,3.2230424519810628,0.8332534583009998
repair,True,39,COOH_S3,COOH,small,0.5,1.0021582639057476,2.169865788520732,0.1475440765628753
repair,True,40,PEG_control,PEG,control,0.5,1.0461394528119858,2.4008464607511435,0.1832173232348342
repair,True,41,COOH_control,COOH,control,0.5,0.8255953356881932,1.8328230816915327,-0.175977958589842
repair,True,42,PEG_L1,PEG,large,1.0,1.332869560031554,3.45732230044283,0.8349012704583892
repair,True,43,PEG_L2,PEG,large,1.0,1.4000473345290565,3.460588492434473,0.791849067072823
repair,True,44,PEG_S1,PEG,small,1.0,0.6348622772726025,1.5918495835721516,0.6065852718280744
repair,True,45,PEG_S2,PEG,small,1.0,1.4699820908423171,3.640112976196597,0.597019638230208
repair,True,46,COOH_L1,COOH,large,1.0,1.4068753850243982,3.646672980917869,0.779495876785431
repair,True,47,COOH_L2,COOH,large,1.0,1.3624253977485612,3.7064889205154112,0.7921071548309965
repair,True,48,COOH_S1,COOH,small,1.0,0.811433184987619,1.9257348329640012,0.4959885363105051
repair,True,49,COOH_S2,COOH,small,1.0,0.8150298158546672,1.986179034570124,0.1524841610143966
repair,True,50,PEG_L3,PEG,large,1.0,1.4242290395065338,3.218180950648202,0.7743355178710197
repair,True,51,PEG_S3,PEG,small,1.0,0.7425973507361313,1.98828238509444,0.6703617967329839
repair,True,52,COOH_L3,COOH,large,1.0,1.3784830651717173,3.2913192930438075,0.8372839395298554
repair,True,53,COOH_S3,COOH,small,1.0,0.816697013248629,2.002934597606682,0.4343986120822752
repair,True,54,PEG_control,PEG,control,1.0,1.014832478626968,2.370515200206856,0.2208581319696208
repair,True,55,COOH_control,COOH,control,1.0,0.7787476328345762,1.7670393788053738,-0.1654167473257697
repair,True,56,PEG_L1,PEG,large,1.5,1.5339376931507205,3.5606430807549936,0.8216361993461254
repair,True,57,PEG_L2,PEG,large,1.5,1.542260987400164,3.51840392296437,0.8020404171482475
repair,True,58,PEG_S1,PEG,small,1.5,0.7682380288730274,1.8267996065547176,0.610885435129283
repair,True,59,PEG_S2,PEG,small,1.5,1.448222601100227,3.660072728531744,0.6725799924961702
repair,True,60,COOH_L1,COOH,large,1.5,1.4886204712589293,3.561502221359559,0.8165291329208919
repair,True,61,COOH_L2,COOH,large,1.5,1.5002421460015578,3.6252299349890658,0.8374068368620968
repair,True,62,COOH_S1,COOH,small,1.5,0.943000518161024,2.5531767492313224,0.3329250129043172
repair,True,63,COOH_S2,COOH,small,1.5,0.9947589716810408,2.632355953206462,0.495309371273592
repair,True,64,PEG_L3,PEG,large,1.5,1.406669079500592,3.09365912481006,0.8234545671658269
repair,True,65,PEG_S3,PEG,small,1.5,0.7376302256670595,1.986817093249514,0.6778480270207113
repair,True,66,COOH_L3,COOH,large,1.5,1.479832621124438,3.2353751300870903,0.8833281177460889
repair,True,67,COOH_S3,COOH,small,1.5,0.8425386083295642,2.0417307083835325,0.4169221795267976
repair,True,68,PEG_control,PEG,control,1.5,1.006735168474378,2.36282041350734,0.2174161505319676
repair,True,69,COOH_control,COOH,control,1.5,0.8187222269329821,1.8071223045759637,-0.2530672833170383
repair,True,70,PEG_L1,PEG,large,2.0,1.5624019748844256,3.4336130849748336,0.8805201155184067
repair,True,71,PEG_L2,PEG,large,2.0,1.585045166706008,3.447957673465189,0.8649061231117242
repair,True,72,PEG_S1,PEG,small,2.0,0.96340619983218,2.349149437617841,0.6682343114657604
repair,True,73,PEG_S2,PEG,small,2.0,1.5595484280793788,3.7413622752666953,0.7126300285243488
repair,True,74,COOH_L1,COOH,large,2.0,1.6134927533432906,3.5999217734644295,0.8248548054249839
repair,True,75,COOH_L2,COOH,large,2.0,1.696959638617993,3.6866079690759817,0.8292528166394209
repair,True,76,COOH_S1,COOH,small,2.0,0.9841581918635716,2.3196025318986746,0.5298668125443226
repair,True,77,COOH_S2,COOH,small,2.0,1.0702550381146556,3.1577260669184977,0.3125751710080625
repair,True,78,PEG_L3,PEG,large,2.0,1.4986631797226604,3.1222394561306763,0.8491192002534906
repair,True,79,PEG_S3,PEG,small,2.0,0.7334612264072072,1.9770407861398824,0.7009067724126872
repair,True,80,COOH_L3,COOH,large,2.0,1.5014900266027251,3.2124024949929866,0.946792454438065
repair,True,81,COOH_S3,COOH,small,2.0,0.7417300347886948,1.827196534598524,0.5512097121145462
repair,True,82,PEG_control,PEG,control,2.0,0.9645978370683036,2.289222707346077,0.2206381631730578
repair,True,83,COOH_control,COOH,control,2.0,0.911640172139694,1.8081468120679012,-0.5517311760600301
repair,True,84,PEG_L1,PEG,large,2.5,1.7096965089508809,3.560842547787824,0.886874744610708
repair,True,85,PEG_L2,PEG,large,2.5,1.7640154177795009,3.5966960240450914,0.8666094587754919
repair,True,86,PEG_S1,PEG,small,2.5,1.065558475481081,2.547840635160893,0.6716062711460121
repair,True,87,PEG_S2,PEG,small,2.5,1.6356317690862383,3.70518534057007,0.674224577763327
repair,True,88,COOH_L1,COOH,large,2.5,1.763416254596586,3.6334373398378927,0.8316556037213609
repair,True,89,COOH_L2,COOH,large,2.5,1.8221644337443252,3.7106813355273345,0.8194843533049113
repair,True,90,COOH_S1,COOH,small,2.5,0.9952437135266672,2.3495720573850676,0.6141359127166762
repair,True,91,COOH_S2,COOH,small,2.5,1.231509376851948,3.343031139630902,0.3652348440059486
repair,True,92,PEG_L3,PEG,large,2.5,1.5837803021149286,3.1779755607439704,0.8665483117139241
repair,True,93,PEG_S3,PEG,small,2.5,0.722776681025217,1.901497786671518,0.7000654294780173
repair,True,94,COOH_L3,COOH,large,2.5,1.590309319071609,3.3496578457389896,0.9539096600480552
repair,True,95,COOH_S3,COOH,small,2.5,0.7666986364185384,1.8022886344416256,0.4036411706054563
repair,True,96,PEG_control,PEG,control,2.5,0.937153133220082,2.2562042692331428,0.2025615282230249
repair,True,97,COOH_control,COOH,control,2.5,0.7885044223159928,1.7484679276173694,-0.2697508771149815
repair,True,98,PEG_L1,PEG,large,3.0,1.797482417394911,3.606939694972459,0.8958424433621028
repair,True,99,PEG_L2,PEG,large,3.0,1.859835902685074,3.6819961885794736,0.856012828372921
repair,True,100,PEG_S1,PEG,small,3.0,1.0783864254506577,2.4638097155126144,0.6642504768312097
repair,True,101,PEG_S2,PEG,small,3.0,1.5821440491672123,3.583701041549286,0.64153770441674
repair,True,102,COOH_L1,COOH,large,3.0,1.8135254062373536,3.6670527030579168,0.8533408891188206
repair,True,103,COOH_L2,COOH,large,3.0,1.8342565318556376,3.7423257025716974,0.8484248860567706
repair,True,104,COOH_S1,COOH,small,3.0,1.0465989533516835,2.5023330367423853,0.5367403622164133
repair,True,105,COOH_S2,COOH,small,3.0,1.2259706566998576,3.423319782375666,0.1702706028047965
repair,True,106,PEG_L3,PEG,large,3.0,1.65302110784111,3.2447159001039414,0.8842216508050291
repair,True,107,PEG_S3,PEG,small,3.0,0.7662248187006082,1.941287471786347,0.6493108195686711
repair,True,108,COOH_L3,COOH,large,3.0,1.662388769188036,3.481364924515489,0.9549679715731492
repair,True,109,COOH_S3,COOH,small,3.0,0.7427942284153074,1.7476471056260834,0.5638915467051122
repair,True,110,PEG_control,PEG,control,3.0,0.8867865763179346,2.1708375993692157,0.1872649627336859
repair,True,111,COOH_control,COOH,control,3.0,0.8597812478968961,1.7071925571186275,-0.6156864646745561
repair,True,112,PEG_L1,PEG,large,3.5,1.8855650189636652,3.6819877558694936,0.8971255990605397
repair,True,113,PEG_L2,PEG,large,3.5,1.9109661803467255,3.715815404208016,0.857724284423999
repair,True,114,PEG_S1,PEG,small,3.5,1.1394008573078855,2.5376378694902346,0.6863009975858374
repair,True,115,PEG_S2,PEG,small,3.5,1.582758074959456,3.5922314516411538,0.7363368036770275
repair,True,116,COOH_L1,COOH,large,3.5,1.880688981591456,3.7302639892186216,0.8494822257481565
repair,True,117,COOH_L2,COOH,large,3.5,1.939846028747356,3.857187688566257,0.8740638295826163
repair,True,118,COOH_S1,COOH,small,3.5,1.089235092304775,2.523228170109192,0.5889864511305702
repair,True,119,COOH_S2,COOH,small,3.5,1.276533818173314,3.302333148570139,0.4154205204422163
repair,True,120,PEG_L3,PEG,large,3.5,1.6984261374574317,3.2995143513802923,0.8724119860662138
repair,True,121,PEG_S3,PEG,small,3.5,0.7733309833263013,1.9281198847301892,0.7030694518614222
repair,True,122,COOH_L3,COOH,large,3.5,1.6640773353499358,3.52192748761128,0.9531993248241862
repair,True,123,COOH_S3,COOH,small,3.5,0.757575338877373,1.7032225944292048,0.623609257109485
repair,True,124,PEG_control,PEG,control,3.5,0.866841536193838,2.1298943215339237,0.1644761934842922
repair,True,125,COOH_control,COOH,control,3.5,0.8540644908768631,1.715368022000045,-0.6092943310015783
repair,True,126,PEG_L1,PEG,large,4.0,1.9321858750653291,3.7128210549773937,0.908186613652302
repair,True,127,PEG_L2,PEG,large,4.0,1.9227378054535196,3.7384574866560545,0.8672156283295596
repair,True,128,PEG_S1,PEG,small,4.0,1.188906245668849,2.7673446167932356,0.7618122608585302
repair,True,129,PEG_S2,PEG,small,4.0,1.6515987500430058,3.70956565025121,0.7734928769739938
repair,True,130,COOH_L1,COOH,large,4.0,1.9425844023940693,3.776484200929079,0.8478196105212681
repair,True,131,COOH_L2,COOH,large,4.0,2.082857010581872,3.9308180360640104,0.7638014594871594
repair,True,132,COOH_S1,COOH,small,4.0,1.1309882457882467,2.5724029405008046,0.6043741310362835
repair,True,133,COOH_S2,COOH,small,4.0,1.2801686254505555,3.3260194535119036,0.3305856511918386
repair,True,134,PEG_L3,PEG,large,4.0,1.7049234224401637,3.289625739404704,0.8942373279942104
repair,True,135,PEG_S3,PEG,small,4.0,0.7887631805368246,1.885209935194195,0.6816857023195846
repair,True,136,COOH_L3,COOH,large,4.0,1.8643577299879737,3.646946106874868,0.9273801422448557
repair,True,137,COOH_S3,COOH,small,4.0,0.8099456982747124,1.723644681051264,0.5766525915788254
repair,True,138,PEG_control,PEG,control,4.0,0.8381043491408547,2.0874743536544607,0.1990307153033473
repair,True,139,COOH_control,COOH,control,4.0,1.0962095114981198,2.1356131751452354,-0.6311598473055386
repair,True,140,PEG_L1,PEG,large,4.5,2.1050856590435383,3.791972188540262,0.7863407957269338
repair,True,141,PEG_L2,PEG,large,4.5,1.8955396521503656,3.720371737677398,0.8814181544927577
repair,True,142,PEG_S1,PEG,small,4.5,1.2150086844351984,2.8093678993966944,0.7257539085379537
repair,True,143,PEG_S2,PEG,small,4.5,1.6427518723199526,3.603701146811345,0.7158150071254948
repair,True,144,COOH_L1,COOH,large,4.5,1.9474986926617228,3.7916472566259127,0.8613088483614011
repair,True,145,COOH_L2,COOH,large,4.5,1.9705620267132613,3.8908062874516487,0.8735879126326364
repair,True,146,COOH_S1,COOH,small,4.5,1.1943559580856258,2.7297920868570356,0.5017911312041717
repair,True,147,COOH_S2,COOH,small,4.5,1.326246975176199,3.289832651524403,0.4627904538847724
repair,True,148,PEG_L3,PEG,large,4.5,1.7216676477464463,3.3198464945991932,0.9048330765814512
repair,True,149,PEG_S3,PEG,small,4.5,0.8402025089971807,1.9646002354131409,0.8408079344702705
repair,True,150,COOH_L3,COOH,large,4.5,1.666575580543247,3.545706298930627,0.9533044197443136
repair,True,151,COOH_S3,COOH,small,4.5,0.8538287022698244,1.7906598205854585,0.669423805670812
repair,True,152,PEG_control,PEG,control,4.5,0.7582470165461451,1.953276329807682,0.2470593924935269
repair,True,153,COOH_control,COOH,control,4.5,0.8691574355899869,1.7530572688742638,-0.5828423847750491
repair,True,154,PEG_L1,PEG,large,5.0,2.1196261502046996,3.8159753267973864,0.7655804531600158
repair,True,155,PEG_L2,PEG,large,5.0,1.912499680912713,3.7378855804279127,0.8806044741511723
repair,True,156,PEG_S1,PEG,small,5.0,1.3109841430913718,2.605203757093173,0.782576749351096
repair,True,157,PEG_S2,PEG,small,5.0,1.6243539466678842,3.5882757033727897,0.7639235748748588
repair,True,158,COOH_L1,COOH,large,5.0,1.95646730963716,3.80302586845774,0.865911287346654
repair,True,159,COOH_L2,COOH,large,5.0,1.949151032459308,3.8999716056593985,0.8833463281851709
repair,True,160,COOH_S1,COOH,small,5.0,1.2930903375359812,2.75503465039305,0.6238350416635862
repair,True,161,COOH_S2,COOH,small,5.0,1.3479497059350016,3.1870611378617655,0.5582246857475586
repair,True,162,PEG_L3,PEG,large,5.0,1.7218924926870756,3.3071053026325665,0.8986485025721171
repair,True,163,COOH_L3,COOH,large,5.0,1.6846819646779414,3.579443162059168,0.9503011246686596
repair,True,164,COOH_S3,COOH,small,5.0,1.1223891659244678,2.582270947316392,0.7523273150444549
repair,True,165,PEG_control,PEG,control,5.0,0.7152093010082805,1.942306696197332,0.2874548082021837
repair,True,166,COOH_control,COOH,control,5.0,1.0140395221188985,2.0053249222740397,-0.5147751598311945
repair,True,167,PEG_S3,PEG,small,5.0,0.8498506699035939,1.9560881537675985,0.7830131326152031
repair,True,168,PEG_L1,PEG,large,5.5,2.172794468837835,3.824179427236706,0.7670417145945057
repair,True,169,PEG_L2,PEG,large,5.5,1.910058001767712,3.7380729815551983,0.8931042308243197
repair,True,170,PEG_S1,PEG,small,5.5,1.2650571940467037,2.714679956343093,0.7386911169232948
repair,True,171,PEG_S2,PEG,small,5.5,1.670056317946436,3.692891119720993,0.8128466870314746
repair,True,172,COOH_L1,COOH,large,5.5,1.974977851253729,3.808924641611779,0.850192657369438
repair,True,173,COOH_L2,COOH,large,5.5,2.010408571152761,3.8796112937513527,0.8122499851574123
repair,True,174,COOH_S1,COOH,small,5.5,1.3681132582163371,2.8054023766130967,0.638609436620776
repair,True,175,COOH_S2,COOH,small,5.5,1.4027001375674906,3.2557052853935247,0.5680959672792811
repair,True,176,PEG_L3,PEG,large,5.5,1.7093607635459709,3.3007147994041204,0.900099182964328
repair,True,177,COOH_L3,COOH,large,5.5,1.696641502726769,3.5843884519679614,0.9494512580934776
repair,True,178,COOH_S3,COOH,small,5.5,1.074627545108965,2.338796742946806,0.7426888832249916
repair,True,179,PEG_S3,PEG,small,5.5,0.8625948787547388,1.9815597478446283,0.7875821803645844
repair,True,180,PEG_control,PEG,control,5.5,0.6634662945139069,1.924945811711848,0.4525663310853468
repair,True,181,COOH_control,COOH,control,5.5,0.8279700318013858,1.7465593434343438,0.6572215967926174
repair,True,182,PEG_L1,PEG,large,6.0,2.1036814398897605,3.819728449241557,0.7331891008470124
repair,True,183,PEG_L2,PEG,large,6.0,2.0473904048882945,3.763175786253025,0.9066709810198594
repair,True,184,PEG_S1,PEG,small,6.0,1.325082891826164,2.7372412679694524,0.7439355539321184
repair,True,185,PEG_S2,PEG,small,6.0,1.671420739968266,3.618902338603426,0.7872089645295256
repair,True,186,COOH_L1,COOH,large,6.0,2.0213543608747577,3.820692056309704,0.8416756305321539
repair,True,187,COOH_L2,COOH,large,6.0,2.071788363191602,3.986605362610757,0.8279984733853787
repair,True,188,COOH_S1,COOH,small,6.0,1.304540663099023,2.790498042952293,0.546260457418964
repair,True,189,COOH_S2,COOH,small,6.0,1.3580673467878686,3.2545222483910994,0.5166676402551581
repair,True,190,PEG_L3,PEG,large,6.0,1.7086843853504254,3.3066810931251,0.8997537292282772
repair,True,191,COOH_L3,COOH,large,6.0,1.9060216911966537,3.696981839637155,0.8988541149461615
repair,True,192,COOH_S3,COOH,small,6.0,1.1043135226524128,2.398957675619668,0.7883366444110097
repair,True,193,PEG_S3,PEG,small,6.0,0.9532931001238192,2.1146668066766505,0.884892525229024
repair,True,194,COOH_control,COOH,control,6.0,0.8227045305148888,1.6964818150064405,-0.6075110991768378
repair,True,195,PEG_control,PEG,control,6.0,0.7542686748251737,1.9958877670390516,0.3166559707739556
