path,agarose,bsa,timepoint_hr,capture_time,shot_order,gap_s,v_sticker,v_coating,v_bsa,v_agarose,v_control,v_tally,v_magnet,v_magnet_size,v_conf,v_notes,idx,dropped_dup,agarose_f,bsa_f,coating_f,control_f,magnet_f,tally_f,duplicate_shot,tally_certainty,tally_changed,gap,burst,tally_conflict,low_conf,arm,series
0.4 BACK/BSA /0 hrs/PXL_20260827_105952935.jpg,0.4,BSA,0.0,2026-08-27 10:59:52.935,1,,0.4 BSA PEG,PEG,True,0.4,False,1,none,,high,,0,False,0.4,BSA,PEG,False,none,1,False,high,False,,1,False,False,magnet,0.4_BSA_PEG_magnet_r1
0.4 BACK/BSA /0 hrs/PXL_20260827_110002745.jpg,0.4,BSA,0.0,2026-08-27 11:00:02.745,2,9.81,0.4 BSA PEG,PEG,True,0.4,False,1,present,large,high,,1,False,0.4,BSA,PEG,False,present,1,False,high,False,9.81,1,False,False,magnet,0.4_BSA_PEG_magnet_r1
0.4 BACK/BSA /0 hrs/PXL_20260827_110019044.jpg,0.4,BSA,0.0,2026-08-27 11:00:19.044,3,16.299,0.4 BSA PEG,PEG,True,0.4,False,2,none,,high,,2,False,0.4,BSA,PEG,False,none,2,False,high,False,16.299,1,False,False,magnet,0.4_BSA_PEG_magnet_r2
0.4 BACK/BSA /0 hrs/PXL_20260827_110034990.jpg,0.4,BSA,0.0,2026-08-27 11:00:34.990,4,15.946,0.4 BSA PEG,PEG,True,0.4,False,2,present,large,high,,3,False,0.4,BSA,PEG,False,present,2,False,high,False,15.946,1,False,False,magnet,0.4_BSA_PEG_magnet_r2
0.4 BACK/BSA /0 hrs/PXL_20260827_110102715.jpg,0.4,BSA,0.0,2026-08-27 11:01:02.715,5,27.725,0.4 BSA PEG,PEG,True,0.4,False,3,none,,high,,4,False,0.4,BSA,PEG,False,none,3,False,high,False,27.725,1,False,False,magnet,0.4_BSA_PEG_magnet_r3
0.4 BACK/BSA /0 hrs/PXL_20260827_110116866.jpg,0.4,BSA,0.0,2026-08-27 11:01:16.866,6,14.151,0.4 BSA PEG,PEG,True,0.4,False,3,present,large,high,,5,False,0.4,BSA,PEG,False,present,3,False,high,False,14.151,1,False,False,magnet,0.4_BSA_PEG_magnet_r3
0.4 BACK/BSA /0 hrs/PXL_20260827_110153818.jpg,0.4,BSA,0.0,2026-08-27 11:01:53.818,7,36.952,0.4 BSA COOH,COOH,True,0.4,False,2,none,,high,,6,False,0.4,BSA,COOH,False,none,2,False,high,False,36.952,1,False,False,magnet,0.4_BSA_COOH_magnet_r2
0.4 BACK/BSA /0 hrs/PXL_20260827_110206745.jpg,0.4,BSA,0.0,2026-08-27 11:02:06.745,8,12.927,0.4 BSA COOH,COOH,True,0.4,False,2,present,large,high,,7,False,0.4,BSA,COOH,False,present,2,False,high,False,12.927,1,False,False,magnet,0.4_BSA_COOH_magnet_r2
0.4 BACK/BSA /0 hrs/PXL_20260827_110231153.jpg,0.4,BSA,0.0,2026-08-27 11:02:31.153,9,24.408,0.4 BSA COOH,COOH,True,0.4,False,1,none,,high,,8,False,0.4,BSA,COOH,False,none,1,False,high,False,24.408,1,False,False,magnet,0.4_BSA_COOH_magnet_r1
0.4 BACK/BSA /0 hrs/PXL_20260827_110306442.jpg,0.4,BSA,0.0,2026-08-27 11:03:06.442,10,35.289,0.4 BSA COOH,COOH,True,0.4,False,1,present,large,high,,9,False,0.4,BSA,COOH,False,present,1,False,high,False,35.289,1,False,False,magnet,0.4_BSA_COOH_magnet_r1
0.4 BACK/BSA /0 hrs/PXL_20260827_110330217.jpg,0.4,BSA,0.0,2026-08-27 11:03:30.217,11,23.775,0.4 BSA COOH,COOH,True,0.4,False,3,none,,high,,10,False,0.4,BSA,COOH,False,none,3,False,high,False,23.775,1,False,False,magnet,0.4_BSA_COOH_magnet_r3
0.4 BACK/BSA /0 hrs/PXL_20260827_110342332.jpg,0.4,BSA,0.0,2026-08-27 11:03:42.332,12,12.115,0.4 BSA COOH,COOH,True,0.4,False,3,present,large,high,,11,False,0.4,BSA,COOH,False,present,3,False,high,False,12.115,1,False,False,magnet,0.4_BSA_COOH_magnet_r3
0.4 BACK/BSA /0 hrs/PXL_20260827_111857577.jpg,0.4,BSA,0.0,2026-08-27 11:18:57.577,13,915.245,0.4 BSA PEG,PEG,True,0.4,True,1,none,,high,,12,False,0.4,BSA,PEG,True,none,1,False,high,False,915.245,2,False,False,control,0.4_BSA_PEG_control_r1
0.4 BACK/BSA /0 hrs/PXL_20260827_111911378.jpg,0.4,BSA,0.0,2026-08-27 11:19:11.378,14,13.801,0.4 BSA PEG,PEG,True,0.4,True,2,none,,high,"tally rows drawn tightly with vertical tie-strokes, initially resembled 3; confirmed 2 rows on zoom",13,False,0.4,BSA,PEG,True,none,2,False,high,False,13.801,2,False,False,control,0.4_BSA_PEG_control_r2
0.4 BACK/BSA /0 hrs/PXL_20260827_111922134.jpg,0.4,BSA,0.0,2026-08-27 11:19:22.134,15,10.756,0.4 BSA PEG,PEG,True,0.4,True,3,none,,high,,14,False,0.4,BSA,PEG,True,none,3,False,high,False,10.756,2,False,False,control,0.4_BSA_PEG_control_r3
0.4 BACK/BSA /0 hrs/PXL_20260827_111958369.jpg,0.4,BSA,0.0,2026-08-27 11:19:58.369,16,36.235,0.4 BSA COOH,COOH,True,0.4,True,1,none,,high,,15,False,0.4,BSA,COOH,True,none,1,False,high,False,36.235,2,False,False,control,0.4_BSA_COOH_control_r1
0.4 BACK/BSA /0 hrs/PXL_20260827_112010799.jpg,0.4,BSA,0.0,2026-08-27 11:20:10.799,17,12.43,0.4 BSA COOH,COOH,True,0.4,True,2,none,,high,"tally rows drawn tightly with vertical tie-strokes, initially resembled 3; confirmed 2 rows on zoom",16,False,0.4,BSA,COOH,True,none,2,False,high,False,12.43,2,False,False,control,0.4_BSA_COOH_control_r2
0.4 BACK/BSA /0 hrs/PXL_20260827_112023671.jpg,0.4,BSA,0.0,2026-08-27 11:20:23.671,18,12.872,0.4 BSA COOH,COOH,True,0.4,True,3,none,,high,,17,False,0.4,BSA,COOH,True,none,3,False,high,False,12.872,2,False,False,control,0.4_BSA_COOH_control_r3
0.4 BACK/BSA /1 hr/PXL_20260827_115925184.jpg,0.4,BSA,1.0,2026-08-27 11:59:25.184,1,,0.4 BSA PEG,PEG,True,0.4,False,1,present,large,high,,18,False,0.4,BSA,PEG,False,present,1,False,high,False,,1,False,False,magnet,0.4_BSA_PEG_magnet_r1
0.4 BACK/BSA /1 hr/PXL_20260827_115945016.jpg,0.4,BSA,1.0,2026-08-27 11:59:45.016,2,19.832,0.4 BSA PEG,PEG,True,0.4,False,2,present,large,high,,19,False,0.4,BSA,PEG,False,present,2,False,high,False,19.832,1,False,False,magnet,0.4_BSA_PEG_magnet_r2
0.4 BACK/BSA /1 hr/PXL_20260827_120002840.jpg,0.4,BSA,1.0,2026-08-27 12:00:02.840,3,17.824,0.4 BSA PEG,PEG,True,0.4,False,3,present,large,high,,20,False,0.4,BSA,PEG,False,present,3,False,high,False,17.824,1,False,False,magnet,0.4_BSA_PEG_magnet_r3
0.4 BACK/BSA /1 hr/PXL_20260827_120047147.jpg,0.4,BSA,1.0,2026-08-27 12:00:47.147,4,44.307,0.4 BSA COOH,COOH,True,0.4,False,1,present,large,high,,21,False,0.4,BSA,COOH,False,present,1,False,high,False,44.307,1,False,False,magnet,0.4_BSA_COOH_magnet_r1
0.4 BACK/BSA /1 hr/PXL_20260827_120119038.jpg,0.4,BSA,1.0,2026-08-27 12:01:19.038,5,31.891,0.4 BSA COOH,COOH,True,0.4,False,2,present,large,high,,22,False,0.4,BSA,COOH,False,present,2,False,high,False,31.891,1,False,False,magnet,0.4_BSA_COOH_magnet_r2
0.4 BACK/BSA /1 hr/PXL_20260827_120150138.jpg,0.4,BSA,1.0,2026-08-27 12:01:50.138,6,31.1,0.4 BSA COOH,COOH,True,0.4,False,3,present,large,high,"tally rows drawn tightly, initially resembled 2; confirmed 3 rows on zoom",23,False,0.4,BSA,COOH,False,present,3,False,high,False,31.1,1,False,False,magnet,0.4_BSA_COOH_magnet_r3
0.4 BACK/BSA /1 hr/PXL_20260827_122705761.jpg,0.4,BSA,1.0,2026-08-27 12:27:05.761,7,1515.623,0.4 BSA PEG,PEG,True,0.4,True,2,none,,high,,24,False,0.4,BSA,PEG,True,none,2,False,high,False,1515.623,2,False,False,control,0.4_BSA_PEG_control_r2
0.4 BACK/BSA /1 hr/PXL_20260827_122734968.jpg,0.4,BSA,1.0,2026-08-27 12:27:34.968,8,29.207,0.4 BSA PEG,PEG,True,0.4,True,1,none,,high,,25,False,0.4,BSA,PEG,True,none,1,False,high,False,29.207,2,False,False,control,0.4_BSA_PEG_control_r1
0.4 BACK/BSA /1 hr/PXL_20260827_122744189.jpg,0.4,BSA,1.0,2026-08-27 12:27:44.189,9,9.221,0.4 BSA PEG,PEG,True,0.4,True,3,none,,high,,26,False,0.4,BSA,PEG,True,none,3,False,high,False,9.221,2,False,False,control,0.4_BSA_PEG_control_r3
0.4 BACK/BSA /1 hr/PXL_20260827_122832842.jpg,0.4,BSA,1.0,2026-08-27 12:28:32.842,10,48.653,0.4 BSA COOH,COOH,True,0.4,True,1,none,,high,,27,False,0.4,BSA,COOH,True,none,1,False,high,False,48.653,2,False,False,control,0.4_BSA_COOH_control_r1
0.4 BACK/BSA /1 hr/PXL_20260827_122843086.jpg,0.4,BSA,1.0,2026-08-27 12:28:43.086,11,10.244,0.4 BSA COOH,COOH,True,0.4,True,2,none,,high,,28,False,0.4,BSA,COOH,True,none,2,False,high,False,10.244,2,False,False,control,0.4_BSA_COOH_control_r2
0.4 BACK/BSA /1 hr/PXL_20260827_122855242.jpg,0.4,BSA,1.0,2026-08-27 12:28:55.242,12,12.156,0.4 BSA COOH,COOH,True,0.4,True,3,none,,high,,29,False,0.4,BSA,COOH,True,none,3,False,high,False,12.156,2,False,False,control,0.4_BSA_COOH_control_r3
0.4 BACK/BSA /2 hrs/PXL_20260827_130009858.jpg,0.4,BSA,2.0,2026-08-27 13:00:09.858,1,,0.4 BSA PEG,PEG,True,0.4,False,1,present,large,high,,30,False,0.4,BSA,PEG,False,present,1,False,high,False,,1,False,False,magnet,0.4_BSA_PEG_magnet_r1
0.4 BACK/BSA /2 hrs/PXL_20260827_130026427.jpg,0.4,BSA,2.0,2026-08-27 13:00:26.427,2,16.569,0.4 BSA PEG,PEG,True,0.4,False,2,present,large,high,,31,False,0.4,BSA,PEG,False,present,2,False,high,False,16.569,1,False,False,magnet,0.4_BSA_PEG_magnet_r2
0.4 BACK/BSA /2 hrs/PXL_20260827_130038764.jpg,0.4,BSA,2.0,2026-08-27 13:00:38.764,3,12.337,0.4 BSA PEG,PEG,True,0.4,False,3,present,large,high,,32,False,0.4,BSA,PEG,False,present,3,False,high,False,12.337,1,False,False,magnet,0.4_BSA_PEG_magnet_r3
0.4 BACK/BSA /2 hrs/PXL_20260827_130059098.jpg,0.4,BSA,2.0,2026-08-27 13:00:59.098,4,20.334,0.4 BSA COOH,COOH,True,0.4,False,1,present,large,high,,33,False,0.4,BSA,COOH,False,present,1,False,high,False,20.334,1,False,False,magnet,0.4_BSA_COOH_magnet_r1
0.4 BACK/BSA /2 hrs/PXL_20260827_130150501.jpg,0.4,BSA,2.0,2026-08-27 13:01:50.501,5,51.403,0.4 BSA COOH,COOH,True,0.4,False,2,present,large,high,,34,False,0.4,BSA,COOH,False,present,2,False,high,False,51.403,1,False,False,magnet,0.4_BSA_COOH_magnet_r2
0.4 BACK/BSA /2 hrs/PXL_20260827_130211361.jpg,0.4,BSA,2.0,2026-08-27 13:02:11.361,6,20.86,0.4 BSA COOH,COOH,True,0.4,False,3,present,large,high,,35,False,0.4,BSA,COOH,False,present,3,False,high,False,20.86,1,False,False,magnet,0.4_BSA_COOH_magnet_r3
0.4 BACK/BSA /2 hrs/PXL_20260827_130921105.jpg,0.4,BSA,2.0,2026-08-27 13:09:21.105,7,429.744,0.4 BSA PEG,PEG,True,0.4,True,1,none,,high,,36,False,0.4,BSA,PEG,True,none,1,False,high,False,429.744,2,False,False,control,0.4_BSA_PEG_control_r1
0.4 BACK/BSA /2 hrs/PXL_20260827_130934442.jpg,0.4,BSA,2.0,2026-08-27 13:09:34.442,8,13.337,0.4 BSA PEG,PEG,True,0.4,True,2,none,,high,,37,False,0.4,BSA,PEG,True,none,2,False,high,False,13.337,2,False,False,control,0.4_BSA_PEG_control_r2
0.4 BACK/BSA /2 hrs/PXL_20260827_130947178.jpg,0.4,BSA,2.0,2026-08-27 13:09:47.178,9,12.736,0.4 BSA PEG,PEG,True,0.4,True,3,none,,high,,38,False,0.4,BSA,PEG,True,none,3,False,high,False,12.736,2,False,False,control,0.4_BSA_PEG_control_r3
0.4 BACK/BSA /2 hrs/PXL_20260827_131022788.jpg,0.4,BSA,2.0,2026-08-27 13:10:22.788,10,35.61,0.4 BSA COOH,COOH,True,0.4,True,1,none,,high,,39,False,0.4,BSA,COOH,True,none,1,False,high,False,35.61,2,False,False,control,0.4_BSA_COOH_control_r1
0.4 BACK/BSA /2 hrs/PXL_20260827_131053843.jpg,0.4,BSA,2.0,2026-08-27 13:10:53.843,11,31.055,0.4 BSA COOH,COOH,True,0.4,True,2,none,,high,,40,False,0.4,BSA,COOH,True,none,2,False,high,False,31.055,2,False,False,control,0.4_BSA_COOH_control_r2
0.4 BACK/BSA /2 hrs/PXL_20260827_131108317.jpg,0.4,BSA,2.0,2026-08-27 13:11:08.317,12,14.474,0.4 BSA COOH,COOH,True,0.4,True,3,none,,high,,41,False,0.4,BSA,COOH,True,none,3,False,high,False,14.474,2,False,False,control,0.4_BSA_COOH_control_r3
0.4 BACK/BSA /3 hrs/PXL_20260827_140036920.jpg,0.4,BSA,3.0,2026-08-27 14:00:36.920,1,,0.4 BSA PEG,PEG,True,0.4,False,1,present,large,high,,42,False,0.4,BSA,PEG,False,present,1,False,high,False,,1,False,False,magnet,0.4_BSA_PEG_magnet_r1
0.4 BACK/BSA /3 hrs/PXL_20260827_140103421.jpg,0.4,BSA,3.0,2026-08-27 14:01:03.421,2,26.501,0.4 BSA PEG,PEG,True,0.4,False,2,present,large,high,,43,False,0.4,BSA,PEG,False,present,2,False,high,False,26.501,1,False,False,magnet,0.4_BSA_PEG_magnet_r2
0.4 BACK/BSA /3 hrs/PXL_20260827_140120698.jpg,0.4,BSA,3.0,2026-08-27 14:01:20.698,3,17.277,0.4 BSA PEG,PEG,True,0.4,False,3,present,large,high,,44,False,0.4,BSA,PEG,False,present,3,False,high,False,17.277,1,False,False,magnet,0.4_BSA_PEG_magnet_r3
0.4 BACK/BSA /3 hrs/PXL_20260827_140201460.jpg,0.4,BSA,3.0,2026-08-27 14:02:01.460,4,40.762,0.4 BSA COOH,COOH,True,0.4,False,1,present,large,high,,45,False,0.4,BSA,COOH,False,present,1,False,high,False,40.762,1,False,False,magnet,0.4_BSA_COOH_magnet_r1
0.4 BACK/BSA /3 hrs/PXL_20260827_140221550.jpg,0.4,BSA,3.0,2026-08-27 14:02:21.550,5,20.09,0.4 BSA COOH,COOH,True,0.4,False,2,present,large,high,,46,False,0.4,BSA,COOH,False,present,2,False,high,False,20.09,1,False,False,magnet,0.4_BSA_COOH_magnet_r2
0.4 BACK/BSA /3 hrs/PXL_20260827_140239140.jpg,0.4,BSA,3.0,2026-08-27 14:02:39.140,6,17.59,0.4 BSA COOH,COOH,True,0.4,False,3,present,large,high,,47,False,0.4,BSA,COOH,False,present,3,False,high,False,17.59,1,False,False,magnet,0.4_BSA_COOH_magnet_r3
0.4 BACK/BSA /3 hrs/PXL_20260827_141133525.jpg,0.4,BSA,3.0,2026-08-27 14:11:33.525,7,534.385,0.4 BSA PEG,PEG,True,0.4,True,1,none,,high,,48,False,0.4,BSA,PEG,True,none,1,False,high,False,534.385,2,False,False,control,0.4_BSA_PEG_control_r1
0.4 BACK/BSA /3 hrs/PXL_20260827_141149845.jpg,0.4,BSA,3.0,2026-08-27 14:11:49.845,8,16.32,0.4 BSA PEG,PEG,True,0.4,True,2,none,,high,,49,False,0.4,BSA,PEG,True,none,2,False,high,False,16.32,2,False,False,control,0.4_BSA_PEG_control_r2
0.4 BACK/BSA /3 hrs/PXL_20260827_141205431.jpg,0.4,BSA,3.0,2026-08-27 14:12:05.431,9,15.586,0.4 BSA PEG,PEG,True,0.4,True,3,none,,high,,50,False,0.4,BSA,PEG,True,none,3,False,high,False,15.586,2,False,False,control,0.4_BSA_PEG_control_r3
0.4 BACK/BSA /3 hrs/PXL_20260827_141246717.jpg,0.4,BSA,3.0,2026-08-27 14:12:46.717,10,41.286,0.4 BSA COOH,COOH,True,0.4,True,1,none,,high,,51,False,0.4,BSA,COOH,True,none,1,False,high,False,41.286,2,False,False,control,0.4_BSA_COOH_control_r1
0.4 BACK/BSA /3 hrs/PXL_20260827_141303064.jpg,0.4,BSA,3.0,2026-08-27 14:13:03.064,11,16.347,0.4 BSA COOH,COOH,True,0.4,True,2,none,,high,,52,False,0.4,BSA,COOH,True,none,2,False,high,False,16.347,2,False,False,control,0.4_BSA_COOH_control_r2
0.4 BACK/BSA /3 hrs/PXL_20260827_141315863.jpg,0.4,BSA,3.0,2026-08-27 14:13:15.863,12,12.799,0.4 BSA COOH,COOH,True,0.4,True,3,none,,high,,53,False,0.4,BSA,COOH,True,none,3,False,high,False,12.799,2,False,False,control,0.4_BSA_COOH_control_r3
0.4 BACK/BSA /4 hrs/PXL_20260827_150005371.jpg,0.4,BSA,4.0,2026-08-27 15:00:05.371,1,,0.4 BSA PEG,PEG,True,0.4,False,1,present,large,high,,54,False,0.4,BSA,PEG,False,present,1,False,high,False,,1,False,False,magnet,0.4_BSA_PEG_magnet_r1
0.4 BACK/BSA /4 hrs/PXL_20260827_150017709.jpg,0.4,BSA,4.0,2026-08-27 15:00:17.709,2,12.338,0.4 BSA PEG,PEG,True,0.4,False,2,present,large,high,,55,False,0.4,BSA,PEG,False,present,2,False,high,False,12.338,1,False,False,magnet,0.4_BSA_PEG_magnet_r2
0.4 BACK/BSA /4 hrs/PXL_20260827_150028939.jpg,0.4,BSA,4.0,2026-08-27 15:00:28.939,3,11.23,0.4 BSA PEG,PEG,True,0.4,False,3,present,large,high,,56,False,0.4,BSA,PEG,False,present,3,False,high,False,11.23,1,False,False,magnet,0.4_BSA_PEG_magnet_r3
0.4 BACK/BSA /4 hrs/PXL_20260827_150054406.jpg,0.4,BSA,4.0,2026-08-27 15:00:54.406,4,25.467,0.4 BSA COOH,COOH,True,0.4,False,1,present,large,high,,57,False,0.4,BSA,COOH,False,present,1,False,high,False,25.467,1,False,False,magnet,0.4_BSA_COOH_magnet_r1
0.4 BACK/BSA /4 hrs/PXL_20260827_150105866.jpg,0.4,BSA,4.0,2026-08-27 15:01:05.866,5,11.46,0.4 BSA COOH,COOH,True,0.4,False,2,present,large,high,,58,False,0.4,BSA,COOH,False,present,2,False,high,False,11.46,1,False,False,magnet,0.4_BSA_COOH_magnet_r2
0.4 BACK/BSA /4 hrs/PXL_20260827_150116480.jpg,0.4,BSA,4.0,2026-08-27 15:01:16.480,6,10.614,0.4 BSA COOH,COOH,True,0.4,False,3,present,large,high,,59,False,0.4,BSA,COOH,False,present,3,False,high,False,10.614,1,False,False,magnet,0.4_BSA_COOH_magnet_r3
0.4 BACK/BSA /4 hrs/PXL_20260827_150811889.jpg,0.4,BSA,4.0,2026-08-27 15:08:11.889,7,415.409,0.4 BSA PEG,PEG,True,0.4,True,1,none,,high,,60,False,0.4,BSA,PEG,True,none,1,False,high,False,415.409,2,False,False,control,0.4_BSA_PEG_control_r1
0.4 BACK/BSA /4 hrs/PXL_20260827_150838625.jpg,0.4,BSA,4.0,2026-08-27 15:08:38.625,8,26.736,0.4 BSA PEG,PEG,True,0.4,True,2,none,,high,,61,False,0.4,BSA,PEG,True,none,2,False,high,False,26.736,2,False,False,control,0.4_BSA_PEG_control_r2
0.4 BACK/BSA /4 hrs/PXL_20260827_150920550.jpg,0.4,BSA,4.0,2026-08-27 15:09:20.550,9,41.925,0.4 BSA PEG,PEG,True,0.4,True,3,none,,high,,62,False,0.4,BSA,PEG,True,none,3,False,high,False,41.925,2,False,False,control,0.4_BSA_PEG_control_r3
0.4 BACK/BSA /4 hrs/PXL_20260827_151033662.jpg,0.4,BSA,4.0,2026-08-27 15:10:33.662,10,73.112,0.4 BSA COOH,COOH,True,0.4,True,1,none,,high,,63,False,0.4,BSA,COOH,True,none,1,False,high,False,73.112,2,False,False,control,0.4_BSA_COOH_control_r1
0.4 BACK/BSA /4 hrs/PXL_20260827_151051580.jpg,0.4,BSA,4.0,2026-08-27 15:10:51.580,11,17.918,0.4 BSA COOH,COOH,True,0.4,True,2,none,,high,,64,False,0.4,BSA,COOH,True,none,2,False,high,False,17.918,2,False,False,control,0.4_BSA_COOH_control_r2
0.4 BACK/BSA /4 hrs/PXL_20260827_151124234.jpg,0.4,BSA,4.0,2026-08-27 15:11:24.234,12,32.654,0.4 BSA COOH,COOH,True,0.4,True,3,none,,high,,65,False,0.4,BSA,COOH,True,none,3,False,high,False,32.654,2,False,False,control,0.4_BSA_COOH_control_r3
0.4 BACK/BSA /5 hrs/PXL_20260827_160008770.jpg,0.4,BSA,5.0,2026-08-27 16:00:08.770,1,,0.4 BSA PEG,PEG,True,0.4,False,1,present,large,high,,66,False,0.4,BSA,PEG,False,present,1,False,high,False,,1,False,False,magnet,0.4_BSA_PEG_magnet_r1
0.4 BACK/BSA /5 hrs/PXL_20260827_160047730.jpg,0.4,BSA,5.0,2026-08-27 16:00:47.730,2,38.96,0.4 BSA PEG,PEG,True,0.4,False,2,present,large,high,,67,False,0.4,BSA,PEG,False,present,2,False,high,False,38.96,1,False,False,magnet,0.4_BSA_PEG_magnet_r2
0.4 BACK/BSA /5 hrs/PXL_20260827_160135824.jpg,0.4,BSA,5.0,2026-08-27 16:01:35.824,3,48.094,0.4 BSA PEG,PEG,True,0.4,False,3,present,large,high,,68,False,0.4,BSA,PEG,False,present,3,False,high,False,48.094,1,False,False,magnet,0.4_BSA_PEG_magnet_r3
0.4 BACK/BSA /5 hrs/PXL_20260827_160210863.jpg,0.4,BSA,5.0,2026-08-27 16:02:10.863,4,35.039,0.4 BSA COOH,COOH,True,0.4,False,1,present,large,high,,69,False,0.4,BSA,COOH,False,present,1,False,high,False,35.039,1,False,False,magnet,0.4_BSA_COOH_magnet_r1
0.4 BACK/BSA /5 hrs/PXL_20260827_160230062.jpg,0.4,BSA,5.0,2026-08-27 16:02:30.062,5,19.199,0.4 BSA COOH,COOH,True,0.4,False,2,present,large,high,,70,False,0.4,BSA,COOH,False,present,2,False,high,False,19.199,1,False,False,magnet,0.4_BSA_COOH_magnet_r2
0.4 BACK/BSA /5 hrs/PXL_20260827_160253514.jpg,0.4,BSA,5.0,2026-08-27 16:02:53.514,6,23.452,0.4 BSA COOH,COOH,True,0.4,False,3,present,large,high,,71,False,0.4,BSA,COOH,False,present,3,False,high,False,23.452,1,False,False,magnet,0.4_BSA_COOH_magnet_r3
0.4 BACK/BSA /5 hrs/PXL_20260827_161220882.jpg,0.4,BSA,5.0,2026-08-27 16:12:20.882,7,567.368,0.4 BSA PEG,PEG,True,0.4,True,1,none,,high,,72,False,0.4,BSA,PEG,True,none,1,False,high,False,567.368,2,False,False,control,0.4_BSA_PEG_control_r1
0.4 BACK/BSA /5 hrs/PXL_20260827_161235718.jpg,0.4,BSA,5.0,2026-08-27 16:12:35.718,8,14.836,0.4 BSA PEG,PEG,True,0.4,True,2,none,,high,,73,False,0.4,BSA,PEG,True,none,2,False,high,False,14.836,2,False,False,control,0.4_BSA_PEG_control_r2
0.4 BACK/BSA /5 hrs/PXL_20260827_161250168.jpg,0.4,BSA,5.0,2026-08-27 16:12:50.168,9,14.45,0.4 BSA PEG,PEG,True,0.4,True,3,none,,high,,74,False,0.4,BSA,PEG,True,none,3,False,high,False,14.45,2,False,False,control,0.4_BSA_PEG_control_r3
0.4 BACK/BSA /5 hrs/PXL_20260827_161439934.jpg,0.4,BSA,5.0,2026-08-27 16:14:39.934,10,109.766,0.4 BSA COOH,COOH,True,0.4,True,3,none,,high,,75,False,0.4,BSA,COOH,True,none,3,False,high,False,109.766,2,False,False,control,0.4_BSA_COOH_control_r3
0.4 BACK/BSA /5 hrs/PXL_20260827_161450929.jpg,0.4,BSA,5.0,2026-08-27 16:14:50.929,11,10.995,0.4 BSA COOH,COOH,True,0.4,True,3,none,,high,near-duplicate framing of 0074,76,False,0.4,BSA,COOH,True,none,2,False,high,True,10.995,2,False,False,control,0.4_BSA_COOH_control_r2
0.4 BACK/BSA /5 hrs/PXL_20260827_161508070.jpg,0.4,BSA,5.0,2026-08-27 16:15:08.070,12,17.141,0.4 BSA COOH,COOH,True,0.4,True,1,none,,high,,77,False,0.4,BSA,COOH,True,none,1,False,high,False,17.141,2,False,False,control,0.4_BSA_COOH_control_r1
0.4 BACK/BSA /6 hrs/PXL_20260827_170007538.jpg,0.4,BSA,6.0,2026-08-27 17:00:07.538,1,,0.4 BSA PEG,PEG,True,0.4,False,1,present,large,high,,78,False,0.4,BSA,PEG,False,present,1,False,high,False,,1,False,False,magnet,0.4_BSA_PEG_magnet_r1
0.4 BACK/BSA /6 hrs/PXL_20260827_170018323.jpg,0.4,BSA,6.0,2026-08-27 17:00:18.323,2,10.785,0.4 BSA PEG,PEG,True,0.4,False,2,present,large,high,,79,False,0.4,BSA,PEG,False,present,2,False,high,False,10.785,1,False,False,magnet,0.4_BSA_PEG_magnet_r2
0.4 BACK/BSA /6 hrs/PXL_20260827_170030841.jpg,0.4,BSA,6.0,2026-08-27 17:00:30.841,3,12.518,0.4 BSA PEG,PEG,True,0.4,False,2,present,large,high,near-duplicate framing of 0078,80,False,0.4,BSA,PEG,False,present,3,False,high,True,12.518,1,False,False,magnet,0.4_BSA_PEG_magnet_r3
0.4 BACK/BSA /6 hrs/PXL_20260827_170107004.jpg,0.4,BSA,6.0,2026-08-27 17:01:07.004,4,36.163,0.4 BSA COOH,COOH,True,0.4,False,1,present,large,high,,81,False,0.4,BSA,COOH,False,present,1,False,high,False,36.163,1,False,False,magnet,0.4_BSA_COOH_magnet_r1
0.4 BACK/BSA /6 hrs/PXL_20260827_170125897.jpg,0.4,BSA,6.0,2026-08-27 17:01:25.897,5,18.893,0.4 BSA COOH,COOH,True,0.4,False,2,present,large,high,,82,False,0.4,BSA,COOH,False,present,2,False,high,False,18.893,1,False,False,magnet,0.4_BSA_COOH_magnet_r2
0.4 BACK/BSA /6 hrs/PXL_20260827_170145687.jpg,0.4,BSA,6.0,2026-08-27 17:01:45.687,6,19.79,0.4 BSA COOH,COOH,True,0.4,False,3,present,large,high,,83,False,0.4,BSA,COOH,False,present,3,False,high,False,19.79,1,False,False,magnet,0.4_BSA_COOH_magnet_r3
0.4 BACK/BSA /6 hrs/PXL_20260827_170935647.jpg,0.4,BSA,6.0,2026-08-27 17:09:35.647,7,469.96,0.4 BSA PEG,PEG,True,0.4,True,1,none,,high,,84,False,0.4,BSA,PEG,True,none,1,False,high,False,469.96,2,False,False,control,0.4_BSA_PEG_control_r1
0.4 BACK/BSA /6 hrs/PXL_20260827_170948030.jpg,0.4,BSA,6.0,2026-08-27 17:09:48.030,8,12.383,0.4 BSA PEG,PEG,True,0.4,True,2,none,,high,,85,False,0.4,BSA,PEG,True,none,2,False,high,False,12.383,2,False,False,control,0.4_BSA_PEG_control_r2
0.4 BACK/BSA /6 hrs/PXL_20260827_171001972.jpg,0.4,BSA,6.0,2026-08-27 17:10:01.972,9,13.942,0.4 BSA PEG,PEG,True,0.4,True,3,none,,high,,86,False,0.4,BSA,PEG,True,none,3,False,high,False,13.942,2,False,False,control,0.4_BSA_PEG_control_r3
0.4 BACK/BSA /6 hrs/PXL_20260827_171142647.jpg,0.4,BSA,6.0,2026-08-27 17:11:42.647,10,100.675,0.4 BSA COOH,COOH,True,0.4,True,1,none,,high,,87,False,0.4,BSA,COOH,True,none,1,False,high,False,100.675,2,False,False,control,0.4_BSA_COOH_control_r1
0.4 BACK/BSA /6 hrs/PXL_20260827_171208934.jpg,0.4,BSA,6.0,2026-08-27 17:12:08.934,11,26.287,0.4 BSA COOH,COOH,True,0.4,True,2,none,,high,,88,False,0.4,BSA,COOH,True,none,2,False,high,False,26.287,2,False,False,control,0.4_BSA_COOH_control_r2
0.4 BACK/BSA /6 hrs/PXL_20260827_171225691.jpg,0.4,BSA,6.0,2026-08-27 17:12:25.691,12,16.757,0.4 BSA COOH,COOH,True,0.4,True,3,none,,high,,89,False,0.4,BSA,COOH,True,none,3,False,high,False,16.757,2,False,False,control,0.4_BSA_COOH_control_r3
0.4 BACK/BSA /7.5 hrs/PXL_20260827_183335799.jpg,0.4,BSA,7.5,2026-08-27 18:33:35.799,1,,0.4 BSA PEG,PEG,True,0.4,False,1,present,large,high,,90,False,0.4,BSA,PEG,False,present,1,False,high,False,,1,False,False,magnet,0.4_BSA_PEG_magnet_r1
0.4 BACK/BSA /7.5 hrs/PXL_20260827_183350966.jpg,0.4,BSA,7.5,2026-08-27 18:33:50.966,2,15.167,0.4 BSA PEG,PEG,True,0.4,False,2,present,large,high,,91,False,0.4,BSA,PEG,False,present,2,False,high,True,15.167,1,False,False,magnet,0.4_BSA_PEG_magnet_r2
0.4 BACK/BSA /7.5 hrs/PXL_20260827_183407031.jpg,0.4,BSA,7.5,2026-08-27 18:34:07.031,3,16.065,0.4 BSA PEG,PEG,True,0.4,False,2,present,large,high,,92,False,0.4,BSA,PEG,False,present,3,False,high,True,16.065,1,False,False,magnet,0.4_BSA_PEG_magnet_r3
0.4 BACK/BSA /7.5 hrs/PXL_20260827_183425721.jpg,0.4,BSA,7.5,2026-08-27 18:34:25.721,4,18.69,0.4 BSA COOH,COOH,True,0.4,False,1,present,large,high,,93,False,0.4,BSA,COOH,False,present,1,False,high,False,18.69,1,False,False,magnet,0.4_BSA_COOH_magnet_r1
0.4 BACK/BSA /7.5 hrs/PXL_20260827_183440589.jpg,0.4,BSA,7.5,2026-08-27 18:34:40.589,5,14.868,0.4 BSA COOH,COOH,True,0.4,False,2,present,large,high,,94,False,0.4,BSA,COOH,False,present,2,False,high,False,14.868,1,False,False,magnet,0.4_BSA_COOH_magnet_r2
0.4 BACK/BSA /7.5 hrs/PXL_20260827_183456913.jpg,0.4,BSA,7.5,2026-08-27 18:34:56.913,6,16.324,0.4 BSA COOH,COOH,True,0.4,False,2,present,large,high,,95,False,0.4,BSA,COOH,False,present,3,False,high,True,16.324,1,False,False,magnet,0.4_BSA_COOH_magnet_r3
0.4 BACK/BSA /7.5 hrs/PXL_20260827_184337899.jpg,0.4,BSA,7.5,2026-08-27 18:43:37.899,7,520.986,0.4 BSA PEG,PEG,True,0.4,True,1,none,,high,"PEG cut off in crop, confirmed via frame",96,False,0.4,BSA,PEG,True,none,1,False,high,False,520.986,2,False,False,control,0.4_BSA_PEG_control_r1
0.4 BACK/BSA /7.5 hrs/PXL_20260827_184408057.jpg,0.4,BSA,7.5,2026-08-27 18:44:08.057,8,30.158,0.4 BSA PEG,PEG,True,0.4,True,2,none,,high,,97,False,0.4,BSA,PEG,True,none,2,False,high,False,30.158,2,False,False,control,0.4_BSA_PEG_control_r2
0.4 BACK/BSA /7.5 hrs/PXL_20260827_184435496.jpg,0.4,BSA,7.5,2026-08-27 18:44:35.496,9,27.439,0.4 BSA PEG,PEG,True,0.4,True,3,none,,high,,98,False,0.4,BSA,PEG,True,none,3,False,high,False,27.439,2,False,False,control,0.4_BSA_PEG_control_r3
0.4 BACK/BSA /7.5 hrs/PXL_20260827_184537917.jpg,0.4,BSA,7.5,2026-08-27 18:45:37.917,10,62.421,0.4 BSA COOH,COOH,True,0.4,True,1,none,,high,,99,False,0.4,BSA,COOH,True,none,1,False,high,False,62.421,2,False,False,control,0.4_BSA_COOH_control_r1
0.4 BACK/BSA /7.5 hrs/PXL_20260827_184558349.jpg,0.4,BSA,7.5,2026-08-27 18:45:58.349,11,20.432,0.4 BSA COOH,COOH,True,0.4,True,2,none,,high,,100,False,0.4,BSA,COOH,True,none,2,False,high,False,20.432,2,False,False,control,0.4_BSA_COOH_control_r2
0.4 BACK/BSA /7.5 hrs/PXL_20260827_184632327.jpg,0.4,BSA,7.5,2026-08-27 18:46:32.327,12,33.978,0.4 BSA COOH,COOH,True,0.4,True,3,none,,high,,101,False,0.4,BSA,COOH,True,none,3,False,high,False,33.978,2,False,False,control,0.4_BSA_COOH_control_r3
0.4 BACK/BSA /9 hrs/PXL_20260827_200152931.jpg,0.4,BSA,9.0,2026-08-27 20:01:52.931,1,,0.4 BSA PEG,PEG,True,0.4,False,1,present,large,high,,102,False,0.4,BSA,PEG,False,present,1,False,high,False,,1,False,False,magnet,0.4_BSA_PEG_magnet_r1
0.4 BACK/BSA /9 hrs/PXL_20260827_200201908.jpg,0.4,BSA,9.0,2026-08-27 20:02:01.908,2,8.977,0.4 BSA PEG,PEG,True,0.4,False,1,present,large,high,"tighter zoom crop, sticker partially cut off but legible",103,False,0.4,BSA,PEG,False,present,2,False,high,True,8.977,1,False,False,magnet,0.4_BSA_PEG_magnet_r2
0.4 BACK/BSA /9 hrs/PXL_20260827_200214496.jpg,0.4,BSA,9.0,2026-08-27 20:02:14.496,3,12.588,0.4 PEG,PEG,False,0.4,False,3,present,large,low,"sticker in black marker, top cropped/rotated in frame; no BSA text visible (distinct from BSA+PEG group)",104,False,0.4,BSA,PEG,False,present,3,False,high,False,12.588,1,False,True,magnet,0.4_BSA_PEG_magnet_r3
0.4 BACK/BSA /9 hrs/PXL_20260827_200238921.jpg,0.4,BSA,9.0,2026-08-27 20:02:38.921,4,24.425,0.4 BSA COOH,COOH,True,0.4,False,1,present,large,high,,105,False,0.4,BSA,COOH,False,present,1,False,high,False,24.425,1,False,False,magnet,0.4_BSA_COOH_magnet_r1
0.4 BACK/BSA /9 hrs/PXL_20260827_200252970.jpg,0.4,BSA,9.0,2026-08-27 20:02:52.970,5,14.049,0.4 BSA COOH,COOH,True,0.4,False,2,present,large,high,,106,False,0.4,BSA,COOH,False,present,2,False,high,False,14.049,1,False,False,magnet,0.4_BSA_COOH_magnet_r2
0.4 BACK/BSA /9 hrs/PXL_20260827_200304333.jpg,0.4,BSA,9.0,2026-08-27 20:03:04.333,6,11.363,0.4 BSA COOH,COOH,True,0.4,False,3,present,large,high,,107,False,0.4,BSA,COOH,False,present,3,False,high,False,11.363,1,False,False,magnet,0.4_BSA_COOH_magnet_r3
0.4 BACK/BSA /9 hrs/PXL_20260827_201024422.jpg,0.4,BSA,9.0,2026-08-27 20:10:24.422,7,440.089,0.4 BSA PEG,PEG,True,0.4,True,1,none,,high,duplicate photo of same tab as 0096,108,False,0.4,BSA,PEG,True,none,1,False,high,False,440.089,2,False,False,control,0.4_BSA_PEG_control_r1
0.4 BACK/BSA /9 hrs/PXL_20260827_201054033.jpg,0.4,BSA,9.0,2026-08-27 20:10:54.033,8,29.611,0.4 BSA PEG,PEG,True,0.4,True,2,none,,high,duplicate photo of same tab as 0097,109,False,0.4,BSA,PEG,True,none,2,False,high,False,29.611,2,False,False,control,0.4_BSA_PEG_control_r2
0.4 BACK/BSA /9 hrs/PXL_20260827_201108212.jpg,0.4,BSA,9.0,2026-08-27 20:11:08.212,9,14.179,0.4 BSA PEG,PEG,True,0.4,True,3,none,,high,duplicate photo of same tab as 0098,110,False,0.4,BSA,PEG,True,none,3,False,high,False,14.179,2,False,False,control,0.4_BSA_PEG_control_r3
0.4 BACK/BSA /9 hrs/PXL_20260827_201144268.jpg,0.4,BSA,9.0,2026-08-27 20:11:44.268,10,36.056,0.4 BSA COOH,COOH,True,0.4,True,1,none,,high,duplicate photo of same tab as 0099,111,False,0.4,BSA,COOH,True,none,1,False,high,False,36.056,2,False,False,control,0.4_BSA_COOH_control_r1
0.4 BACK/BSA /9 hrs/PXL_20260827_201201700.jpg,0.4,BSA,9.0,2026-08-27 20:12:01.700,11,17.432,0.4 BSA COOH,COOH,True,0.4,True,2,none,,high,duplicate photo of same tab as 0100,112,False,0.4,BSA,COOH,True,none,2,False,high,False,17.432,2,False,False,control,0.4_BSA_COOH_control_r2
0.4 BACK/BSA /9 hrs/PXL_20260827_201218730.jpg,0.4,BSA,9.0,2026-08-27 20:12:18.730,12,17.03,0.4 BSA COOH,COOH,True,0.4,True,3,none,,high,duplicate photo of same tab as 0101,113,False,0.4,BSA,COOH,True,none,3,False,high,False,17.03,2,False,False,control,0.4_BSA_COOH_control_r3
0.4 BACK/BSA /10.5 hrs/PXL_20260827_213045960.jpg,0.4,BSA,10.5,2026-08-27 21:30:45.960,1,,0.4 BSA PEG,PEG,True,0.4,False,1,present,large,high,,114,False,0.4,BSA,PEG,False,present,1,False,high,False,,1,False,False,magnet,0.4_BSA_PEG_magnet_r1
0.4 BACK/BSA /10.5 hrs/PXL_20260827_213055749.jpg,0.4,BSA,10.5,2026-08-27 21:30:55.749,2,9.789,0.4 BSA PEG,PEG,True,0.4,False,2,present,large,high,,115,False,0.4,BSA,PEG,False,present,2,False,high,False,9.789,1,False,False,magnet,0.4_BSA_PEG_magnet_r2
0.4 BACK/BSA /10.5 hrs/PXL_20260827_213105102.jpg,0.4,BSA,10.5,2026-08-27 21:31:05.102,3,9.353,0.4 BSA PEG,PEG,True,0.4,False,3,present,large,high,,116,False,0.4,BSA,PEG,False,present,3,False,high,False,9.353,1,False,False,magnet,0.4_BSA_PEG_magnet_r3
0.4 BACK/BSA /10.5 hrs/PXL_20260827_213124369.jpg,0.4,BSA,10.5,2026-08-27 21:31:24.369,4,19.267,0.4 BSA COOH,COOH,True,0.4,False,1,present,large,high,,117,False,0.4,BSA,COOH,False,present,1,False,high,False,19.267,1,False,False,magnet,0.4_BSA_COOH_magnet_r1
0.4 BACK/BSA /10.5 hrs/PXL_20260827_213138382.jpg,0.4,BSA,10.5,2026-08-27 21:31:38.382,5,14.013,0.4 BSA COOH,COOH,True,0.4,False,2,present,large,high,,118,False,0.4,BSA,COOH,False,present,2,False,high,False,14.013,1,False,False,magnet,0.4_BSA_COOH_magnet_r2
0.4 BACK/BSA /10.5 hrs/PXL_20260827_213150381.jpg,0.4,BSA,10.5,2026-08-27 21:31:50.381,6,11.999,0.4 BSA COOH,COOH,True,0.4,False,3,present,large,high,,119,False,0.4,BSA,COOH,False,present,3,False,high,False,11.999,1,False,False,magnet,0.4_BSA_COOH_magnet_r3
0.4 BACK/BSA /10.5 hrs/PXL_20260827_213914517.jpg,0.4,BSA,10.5,2026-08-27 21:39:14.517,7,444.136,0.4 BSA PEG,PEG,True,0.4,True,1,none,,high,,120,False,0.4,BSA,PEG,True,none,1,False,high,False,444.136,2,False,False,control,0.4_BSA_PEG_control_r1
0.4 BACK/BSA /10.5 hrs/PXL_20260827_213937518.jpg,0.4,BSA,10.5,2026-08-27 21:39:37.518,8,23.001,0.4 BSA PEG,PEG,True,0.4,True,3,none,,low,tally mark stylized/merged into '3' shape; leaning 3 but could be 2,121,False,0.4,BSA,PEG,True,none,2,False,high,True,23.001,2,False,True,control,0.4_BSA_PEG_control_r2
0.4 BACK/BSA /10.5 hrs/PXL_20260827_214001661.jpg,0.4,BSA,10.5,2026-08-27 21:40:01.661,9,24.143,0.4 BSA PEG,PEG,True,0.4,True,3,none,,high,,122,False,0.4,BSA,PEG,True,none,3,False,high,False,24.143,2,False,False,control,0.4_BSA_PEG_control_r3
0.4 BACK/BSA /10.5 hrs/PXL_20260827_214113836.jpg,0.4,BSA,10.5,2026-08-27 21:41:13.836,10,72.175,0.4 BSA COOH,COOH,True,0.4,True,1,none,,high,,123,False,0.4,BSA,COOH,True,none,1,False,high,False,72.175,2,False,False,control,0.4_BSA_COOH_control_r1
0.4 BACK/BSA /10.5 hrs/PXL_20260827_214122429.jpg,0.4,BSA,10.5,2026-08-27 21:41:22.429,11,8.593,0.4 BSA COOH,COOH,True,0.4,True,3,none,,low,tally rows merged in cursive '3' shape; possible 2 vs 3,124,False,0.4,BSA,COOH,True,none,3,False,high,False,8.593,2,False,True,control,0.4_BSA_COOH_control_r3
0.4 BACK/BSA /10.5 hrs/PXL_20260827_214140704.jpg,0.4,BSA,10.5,2026-08-27 21:41:40.704,12,18.275,0.4 BSA COOH,COOH,True,0.4,True,2,none,,high,,125,False,0.4,BSA,COOH,True,none,2,False,high,False,18.275,2,False,False,control,0.4_BSA_COOH_control_r2
0.4 BACK/BSA /12 hrs/PXL_20260827_225111295.jpg,0.4,BSA,12.0,2026-08-27 22:51:11.295,1,,0.4 BSA PEG,PEG,True,0.4,False,1,present,large,high,,126,False,0.4,BSA,PEG,False,present,1,False,high,False,,1,False,False,magnet,0.4_BSA_PEG_magnet_r1
0.4 BACK/BSA /12 hrs/PXL_20260827_225128130.jpg,0.4,BSA,12.0,2026-08-27 22:51:28.130,2,16.835,0.4 BSA PEG,PEG,True,0.4,False,2,present,large,high,,127,False,0.4,BSA,PEG,False,present,2,False,high,False,16.835,1,False,False,magnet,0.4_BSA_PEG_magnet_r2
0.4 BACK/BSA /12 hrs/PXL_20260827_225136462.jpg,0.4,BSA,12.0,2026-08-27 22:51:36.462,3,8.332,0.4 BSA PEG,PEG,True,0.4,False,3,present,large,high,,128,False,0.4,BSA,PEG,False,present,3,False,high,False,8.332,1,False,False,magnet,0.4_BSA_PEG_magnet_r3
0.4 BACK/BSA /12 hrs/PXL_20260827_225207698.jpg,0.4,BSA,12.0,2026-08-27 22:52:07.698,4,31.236,0.4 BSA COOH,COOH,True,0.4,False,1,present,large,high,,129,False,0.4,BSA,COOH,False,present,1,False,high,False,31.236,1,False,False,magnet,0.4_BSA_COOH_magnet_r1
0.4 BACK/BSA /12 hrs/PXL_20260827_225223463.jpg,0.4,BSA,12.0,2026-08-27 22:52:23.463,5,15.765,0.4 BSA COOH,COOH,True,0.4,False,2,present,large,high,,130,False,0.4,BSA,COOH,False,present,2,False,high,False,15.765,1,False,False,magnet,0.4_BSA_COOH_magnet_r2
0.4 BACK/BSA /12 hrs/PXL_20260827_225241172.jpg,0.4,BSA,12.0,2026-08-27 22:52:41.172,6,17.709,0.4 BSA COOH,COOH,True,0.4,False,3,present,large,high,,131,False,0.4,BSA,COOH,False,present,3,False,high,False,17.709,1,False,False,magnet,0.4_BSA_COOH_magnet_r3
0.4 BACK/BSA /12 hrs/PXL_20260827_230158577.jpg,0.4,BSA,12.0,2026-08-27 23:01:58.577,7,557.405,0.4 BSA PEG,PEG,True,0.4,True,1,none,,high,,132,False,0.4,BSA,PEG,True,none,1,False,high,False,557.405,2,False,False,control,0.4_BSA_PEG_control_r1
0.4 BACK/BSA /12 hrs/PXL_20260827_230218470.jpg,0.4,BSA,12.0,2026-08-27 23:02:18.470,8,19.893,0.4 BSA PEG,PEG,True,0.4,True,2,none,,high,,133,False,0.4,BSA,PEG,True,none,2,False,high,False,19.893,2,False,False,control,0.4_BSA_PEG_control_r2
0.4 BACK/BSA /12 hrs/PXL_20260827_230236136.jpg,0.4,BSA,12.0,2026-08-27 23:02:36.136,9,17.666,0.4 BSA PEG,PEG,True,0.4,True,3,none,,high,,134,False,0.4,BSA,PEG,True,none,3,False,high,False,17.666,2,False,False,control,0.4_BSA_PEG_control_r3
0.4 BACK/BSA /12 hrs/PXL_20260827_230436274.jpg,0.4,BSA,12.0,2026-08-27 23:04:36.274,10,120.138,0.4 BSA COOH,COOH,True,0.4,True,1,none,,high,,135,False,0.4,BSA,COOH,True,none,1,False,high,False,120.138,2,False,False,control,0.4_BSA_COOH_control_r1
0.4 BACK/BSA /12 hrs/PXL_20260827_230445293.jpg,0.4,BSA,12.0,2026-08-27 23:04:45.293,11,9.019,0.4 BSA COOH,COOH,True,0.4,True,2,none,,high,,136,False,0.4,BSA,COOH,True,none,2,False,high,False,9.019,2,False,False,control,0.4_BSA_COOH_control_r2
0.4 BACK/BSA /12 hrs/PXL_20260827_230456636.jpg,0.4,BSA,12.0,2026-08-27 23:04:56.636,12,11.343,0.4 BSA COOH,COOH,True,0.4,True,3,none,,high,,137,False,0.4,BSA,COOH,True,none,3,False,high,False,11.343,2,False,False,control,0.4_BSA_COOH_control_r3
0.4 BACK/BSA /21.5 hrs/PXL_20260828_082806000.jpg,0.4,BSA,21.5,2026-08-28 08:28:06.000,1,,0.4 BSA PEG,PEG,True,0.4,False,1,present,large,high,,138,False,0.4,BSA,PEG,False,present,1,False,high,False,,1,False,False,magnet,0.4_BSA_PEG_magnet_r1
0.4 BACK/BSA /21.5 hrs/PXL_20260828_082842334.jpg,0.4,BSA,21.5,2026-08-28 08:28:42.334,2,36.334,0.4 BSA PEG,PEG,True,0.4,False,2,present,large,high,,139,False,0.4,BSA,PEG,False,present,2,False,high,False,36.334,1,False,False,magnet,0.4_BSA_PEG_magnet_r2
0.4 BACK/BSA /21.5 hrs/PXL_20260828_082921987.jpg,0.4,BSA,21.5,2026-08-28 08:29:21.987,3,39.653,0.4 BSA PEG,PEG,True,0.4,False,3,present,large,high,,140,False,0.4,BSA,PEG,False,present,3,False,high,False,39.653,1,False,False,magnet,0.4_BSA_PEG_magnet_r3
0.4 BACK/BSA /21.5 hrs/PXL_20260828_083009673.jpg,0.4,BSA,21.5,2026-08-28 08:30:09.673,4,47.686,0.4 BSA COOH,COOH,True,0.4,False,1,present,large,high,,141,False,0.4,BSA,COOH,False,present,1,False,high,False,47.686,1,False,False,magnet,0.4_BSA_COOH_magnet_r1
0.4 BACK/BSA /21.5 hrs/PXL_20260828_083120420.jpg,0.4,BSA,21.5,2026-08-28 08:31:20.420,5,70.747,0.4 BSA COOH,COOH,True,0.4,False,2,present,large,high,,142,False,0.4,BSA,COOH,False,present,2,False,high,False,70.747,1,False,False,magnet,0.4_BSA_COOH_magnet_r2
0.4 BACK/BSA /21.5 hrs/PXL_20260828_083151570.jpg,0.4,BSA,21.5,2026-08-28 08:31:51.570,6,31.15,0.4 BSA COOH,COOH,True,0.4,False,3,present,large,high,,143,False,0.4,BSA,COOH,False,present,3,False,high,False,31.15,1,False,False,magnet,0.4_BSA_COOH_magnet_r3
0.4 BACK/BSA /21.5 hrs/PXL_20260828_084802553.jpg,0.4,BSA,21.5,2026-08-28 08:48:02.553,7,970.983,0.4 BSA PEG,PEG,True,0.4,True,1,none,,high,,144,False,0.4,BSA,PEG,True,none,1,False,high,False,970.983,2,False,False,control,0.4_BSA_PEG_control_r1
0.4 BACK/BSA /21.5 hrs/PXL_20260828_084818395.jpg,0.4,BSA,21.5,2026-08-28 08:48:18.395,8,15.842,0.4 BSA PEG,PEG,True,0.4,True,2,none,,high,,145,False,0.4,BSA,PEG,True,none,2,False,high,False,15.842,2,False,False,control,0.4_BSA_PEG_control_r2
0.4 BACK/BSA /21.5 hrs/PXL_20260828_084832324.jpg,0.4,BSA,21.5,2026-08-28 08:48:32.324,9,13.929,0.4 BSA PEG,PEG,True,0.4,True,3,none,,high,,146,False,0.4,BSA,PEG,True,none,3,False,high,False,13.929,2,False,False,control,0.4_BSA_PEG_control_r3
0.4 BACK/BSA /21.5 hrs/PXL_20260828_084917810.jpg,0.4,BSA,21.5,2026-08-28 08:49:17.810,10,45.486,0.4 BSA COOH,COOH,True,0.4,True,1,none,,high,,147,False,0.4,BSA,COOH,True,none,1,False,high,False,45.486,2,False,False,control,0.4_BSA_COOH_control_r1
0.4 BACK/BSA /21.5 hrs/PXL_20260828_084935517.jpg,0.4,BSA,21.5,2026-08-28 08:49:35.517,11,17.707,0.4 BSA COOH,COOH,True,0.4,True,2,none,,high,,148,False,0.4,BSA,COOH,True,none,2,False,high,False,17.707,2,False,False,control,0.4_BSA_COOH_control_r2
0.4 BACK/BSA /21.5 hrs/PXL_20260828_084951875.jpg,0.4,BSA,21.5,2026-08-28 08:49:51.875,12,16.358,0.4 BSA COOH,COOH,True,0.4,True,3,none,,high,,149,False,0.4,BSA,COOH,True,none,3,False,high,False,16.358,2,False,False,control,0.4_BSA_COOH_control_r3
0.4 BACK/NON-BSA/0 hrs/PXL_20260827_110536317.jpg,0.4,non-BSA,0.0,2026-08-27 11:05:36.317,1,,0.4 PEG,PEG,False,0.4,False,1,none,,high,"sticker text written in black marker, not red; no BSA mentioned",150,False,0.4,non-BSA,PEG,False,none,1,False,high,False,,1,False,False,magnet,0.4_non-BSA_PEG_magnet_r1
0.4 BACK/NON-BSA/0 hrs/PXL_20260827_110545377.jpg,0.4,non-BSA,0.0,2026-08-27 11:05:45.377,2,9.06,0.4 PEG,PEG,False,0.4,False,1,present,large,high,"sticker text written in black marker, not red; no BSA mentioned",151,False,0.4,non-BSA,PEG,False,present,1,False,high,False,9.06,1,True,False,magnet,0.4_non-BSA_PEG_magnet_r1
0.4 BACK/NON-BSA/0 hrs/PXL_20260827_110604764.jpg,0.4,non-BSA,0.0,2026-08-27 11:06:04.764,3,19.387,0.4 PEG,PEG,False,0.4,False,2,none,,high,"sticker text written in black marker, not red; no BSA mentioned",152,False,0.4,non-BSA,PEG,False,none,2,False,high,False,19.387,1,False,False,magnet,0.4_non-BSA_PEG_magnet_r2
0.4 BACK/NON-BSA/0 hrs/PXL_20260827_110659452.jpg,0.4,non-BSA,0.0,2026-08-27 11:06:59.452,4,54.688,0.4 PEG,PEG,False,0.4,False,2,present,large,high,"sticker text written in black marker, not red; no BSA mentioned",153,False,0.4,non-BSA,PEG,False,present,2,False,high,False,54.688,1,True,False,magnet,0.4_non-BSA_PEG_magnet_r2
0.4 BACK/NON-BSA/0 hrs/PXL_20260827_110714060.jpg,0.4,non-BSA,0.0,2026-08-27 11:07:14.060,5,14.608,0.4 PEG,PEG,False,0.4,False,3,present,large,high,"sticker text written in black marker, not red; no BSA mentioned",154,False,0.4,non-BSA,PEG,False,present,3,False,high,False,14.608,1,True,False,magnet,0.4_non-BSA_PEG_magnet_r3
0.4 BACK/NON-BSA/0 hrs/PXL_20260827_110726354.jpg,0.4,non-BSA,0.0,2026-08-27 11:07:26.354,6,12.294,0.4 PEG,PEG,False,0.4,False,3,present,large,high,"sticker text written in black marker, not red; no BSA mentioned",155,False,0.4,non-BSA,PEG,False,present,3,True,high,False,12.294,1,True,False,magnet,0.4_non-BSA_PEG_magnet_r3
0.4 BACK/NON-BSA/0 hrs/PXL_20260827_110751175.jpg,0.4,non-BSA,0.0,2026-08-27 11:07:51.175,7,24.821,0.6 COOH,COOH,False,0.6,False,1,none,,high,"sticker text written in black marker (upside-down), not red; no BSA mentioned",156,False,0.4,non-BSA,COOH,False,none,1,False,high,False,24.821,1,False,False,magnet,0.4_non-BSA_COOH_magnet_r1
0.4 BACK/NON-BSA/0 hrs/PXL_20260827_110817323.jpg,0.4,non-BSA,0.0,2026-08-27 11:08:17.323,8,26.148,0.6 COOH,COOH,False,0.6,False,2,none,,high,"sticker text written in black marker (upside-down), not red; no BSA mentioned",157,False,0.4,non-BSA,COOH,False,none,2,False,high,False,26.148,1,False,False,magnet,0.4_non-BSA_COOH_magnet_r2
0.4 BACK/NON-BSA/0 hrs/PXL_20260827_110903525.jpg,0.4,non-BSA,0.0,2026-08-27 11:09:03.525,9,46.202,0.6 COOH,COOH,False,0.6,False,1,present,large,high,"sticker text written in black marker (upside-down), not red; no BSA mentioned",158,False,0.4,non-BSA,COOH,False,present,1,False,high,False,46.202,1,False,False,magnet,0.4_non-BSA_COOH_magnet_r1
0.4 BACK/NON-BSA/0 hrs/PXL_20260827_110927470.jpg,0.4,non-BSA,0.0,2026-08-27 11:09:27.470,10,23.945,0.6 COOH,COOH,False,0.6,False,2,present,large,high,"sticker text written in black marker (upside-down), not red; no BSA mentioned",159,False,0.4,non-BSA,COOH,False,present,2,False,high,False,23.945,1,False,False,magnet,0.4_non-BSA_COOH_magnet_r2
0.4 BACK/NON-BSA/0 hrs/PXL_20260827_110947262.jpg,0.4,non-BSA,0.0,2026-08-27 11:09:47.262,11,19.792,0.6 COOH,COOH,False,0.6,False,3,none,,high,"sticker text written in black marker (upside-down), not red; no BSA mentioned",160,False,0.4,non-BSA,COOH,False,none,3,False,high,False,19.792,1,False,False,magnet,0.4_non-BSA_COOH_magnet_r3
0.4 BACK/NON-BSA/0 hrs/PXL_20260827_111007893.jpg,0.4,non-BSA,0.0,2026-08-27 11:10:07.893,12,20.631,0.6 COOH,COOH,False,0.6,False,3,present,large,high,"sticker text written in black marker (upside-down), not red; no BSA mentioned",161,False,0.4,non-BSA,COOH,False,present,3,False,high,False,20.631,1,False,False,magnet,0.4_non-BSA_COOH_magnet_r3
0.4 BACK/NON-BSA/0 hrs/PXL_20260827_112533489.jpg,0.4,non-BSA,0.0,2026-08-27 11:25:33.489,13,925.596,0.4 PEG,PEG,False,0.4,True,1,none,,high,"sticker text written in black marker, not red; no BSA mentioned",162,False,0.4,non-BSA,PEG,True,none,1,False,high,False,925.596,2,False,False,control,0.4_non-BSA_PEG_control_r1
0.4 BACK/NON-BSA/0 hrs/PXL_20260827_112546168.jpg,0.4,non-BSA,0.0,2026-08-27 11:25:46.168,14,12.679,0.4 PEG,PEG,False,0.4,True,3,none,,high,,163,False,0.4,non-BSA,PEG,True,none,2,False,high,True,12.679,2,False,False,control,0.4_non-BSA_PEG_control_r2
0.4 BACK/NON-BSA/0 hrs/PXL_20260827_112559212.jpg,0.4,non-BSA,0.0,2026-08-27 11:25:59.212,15,13.044,0.4 PEG,PEG,False,0.4,True,3,none,,high,duplicate angle of 0040,164,False,0.4,non-BSA,PEG,True,none,3,False,high,False,13.044,2,False,False,control,0.4_non-BSA_PEG_control_r3
0.4 BACK/NON-BSA/0 hrs/PXL_20260827_112620541.jpg,0.4,non-BSA,0.0,2026-08-27 11:26:20.541,16,21.329,0.6 COOH,COOH,False,0.6,True,1,none,,high,,165,False,0.4,non-BSA,COOH,True,none,1,False,high,False,21.329,2,False,False,control,0.4_non-BSA_COOH_control_r1
0.4 BACK/NON-BSA/0 hrs/PXL_20260827_112646561.jpg,0.4,non-BSA,0.0,2026-08-27 11:26:46.561,17,26.02,0.6 COOH,COOH,False,0.6,True,2,none,,high,,166,False,0.4,non-BSA,COOH,True,none,2,False,high,False,26.02,2,False,False,control,0.4_non-BSA_COOH_control_r2
0.4 BACK/NON-BSA/0 hrs/PXL_20260827_112700417.jpg,0.4,non-BSA,0.0,2026-08-27 11:27:00.417,18,13.856,0.6 COOH,COOH,False,0.6,True,3,none,,high,,167,False,0.4,non-BSA,COOH,True,none,3,False,high,False,13.856,2,False,False,control,0.4_non-BSA_COOH_control_r3
0.4 BACK/NON-BSA/1 hr/PXL_20260827_120518476.jpg,0.4,non-BSA,1.0,2026-08-27 12:05:18.476,1,,0.4 PEG,PEG,False,0.4,False,1,present,large,high,,168,False,0.4,non-BSA,PEG,False,present,1,False,high,False,,1,False,False,magnet,0.4_non-BSA_PEG_magnet_r1
0.4 BACK/NON-BSA/1 hr/PXL_20260827_120551565.jpg,0.4,non-BSA,1.0,2026-08-27 12:05:51.565,2,33.089,0.4 PEG,PEG,False,0.4,False,2,present,large,high,,169,False,0.4,non-BSA,PEG,False,present,2,False,high,False,33.089,1,False,False,magnet,0.4_non-BSA_PEG_magnet_r2
0.4 BACK/NON-BSA/1 hr/PXL_20260827_120614481.jpg,0.4,non-BSA,1.0,2026-08-27 12:06:14.481,3,22.916,0.4 PEG,PEG,False,0.4,False,3,present,large,high,,170,False,0.4,non-BSA,PEG,False,present,3,False,high,False,22.916,1,False,False,magnet,0.4_non-BSA_PEG_magnet_r3
0.4 BACK/NON-BSA/1 hr/PXL_20260827_120647663.jpg,0.4,non-BSA,1.0,2026-08-27 12:06:47.663,4,33.182,0.6 COOH,COOH,False,0.6,False,1,present,large,high,,171,False,0.4,non-BSA,COOH,False,present,1,False,high,False,33.182,1,False,False,magnet,0.4_non-BSA_COOH_magnet_r1
0.4 BACK/NON-BSA/1 hr/PXL_20260827_120711718.jpg,0.4,non-BSA,1.0,2026-08-27 12:07:11.718,5,24.055,0.6 COOH,COOH,False,0.6,False,2,present,large,high,,172,False,0.4,non-BSA,COOH,False,present,2,False,high,False,24.055,1,False,False,magnet,0.4_non-BSA_COOH_magnet_r2
0.4 BACK/NON-BSA/1 hr/PXL_20260827_120730635.jpg,0.4,non-BSA,1.0,2026-08-27 12:07:30.635,6,18.917,0.6 COOH,COOH,False,0.6,False,3,present,large,high,,173,False,0.4,non-BSA,COOH,False,present,3,False,high,False,18.917,1,False,False,magnet,0.4_non-BSA_COOH_magnet_r3
0.4 BACK/NON-BSA/1 hr/PXL_20260827_122925816.jpg,0.4,non-BSA,1.0,2026-08-27 12:29:25.816,7,1315.181,0.4 PEG,PEG,False,0.4,True,1,none,,high,,174,False,0.4,non-BSA,PEG,True,none,1,False,high,False,1315.181,2,False,False,control,0.4_non-BSA_PEG_control_r1
0.4 BACK/NON-BSA/1 hr/PXL_20260827_122938669.jpg,0.4,non-BSA,1.0,2026-08-27 12:29:38.669,8,12.853,0.4 PEG,PEG,False,0.4,True,3,none,,high,,175,False,0.4,non-BSA,PEG,True,none,2,False,high,True,12.853,2,False,False,control,0.4_non-BSA_PEG_control_r2
0.4 BACK/NON-BSA/1 hr/PXL_20260827_122950353.jpg,0.4,non-BSA,1.0,2026-08-27 12:29:50.353,9,11.684,0.4 PEG,PEG,False,0.4,True,1,none,,high,duplicate angle of 0051,176,False,0.4,non-BSA,PEG,True,none,3,False,high,True,11.684,2,False,False,control,0.4_non-BSA_PEG_control_r3
0.4 BACK/NON-BSA/1 hr/PXL_20260827_123024008.jpg,0.4,non-BSA,1.0,2026-08-27 12:30:24.008,10,33.655,0.6 COOH,COOH,False,0.6,True,2,none,,high,,177,False,0.4,non-BSA,COOH,True,none,2,False,high,False,33.655,2,False,False,control,0.4_non-BSA_COOH_control_r2
0.4 BACK/NON-BSA/1 hr/PXL_20260827_123037269.jpg,0.4,non-BSA,1.0,2026-08-27 12:30:37.269,11,13.261,0.6 COOH,COOH,False,0.6,True,1,none,,high,,178,False,0.4,non-BSA,COOH,True,none,1,False,high,False,13.261,2,False,False,control,0.4_non-BSA_COOH_control_r1
0.4 BACK/NON-BSA/1 hr/PXL_20260827_123050149.jpg,0.4,non-BSA,1.0,2026-08-27 12:30:50.149,12,12.88,0.6 COOH,COOH,False,0.6,True,3,none,,high,,179,False,0.4,non-BSA,COOH,True,none,3,False,high,False,12.88,2,False,False,control,0.4_non-BSA_COOH_control_r3
0.4 BACK/NON-BSA/2 hrs/PXL_20260827_130235088.jpg,0.4,non-BSA,2.0,2026-08-27 13:02:35.088,1,,0.4 PEG,PEG,False,0.4,False,1,present,large,high,,180,False,0.4,non-BSA,PEG,False,present,1,False,high,False,,1,False,False,magnet,0.4_non-BSA_PEG_magnet_r1
0.4 BACK/NON-BSA/2 hrs/PXL_20260827_130248752.jpg,0.4,non-BSA,2.0,2026-08-27 13:02:48.752,2,13.664,0.4 PEG,PEG,False,0.4,False,2,present,large,high,,181,False,0.4,non-BSA,PEG,False,present,2,False,high,False,13.664,1,False,False,magnet,0.4_non-BSA_PEG_magnet_r2
0.4 BACK/NON-BSA/2 hrs/PXL_20260827_130304256.jpg,0.4,non-BSA,2.0,2026-08-27 13:03:04.256,3,15.504,0.4 PEG,PEG,False,0.4,False,3,present,large,high,,182,False,0.4,non-BSA,PEG,False,present,3,False,high,False,15.504,1,False,False,magnet,0.4_non-BSA_PEG_magnet_r3
0.4 BACK/NON-BSA/2 hrs/PXL_20260827_130347736.jpg,0.4,non-BSA,2.0,2026-08-27 13:03:47.736,4,43.48,0.6 COOH,COOH,False,0.6,False,1,present,large,high,,183,False,0.4,non-BSA,COOH,False,present,1,False,high,False,43.48,1,False,False,magnet,0.4_non-BSA_COOH_magnet_r1
0.4 BACK/NON-BSA/2 hrs/PXL_20260827_130402083.jpg,0.4,non-BSA,2.0,2026-08-27 13:04:02.083,5,14.347,0.6 COOH,COOH,False,0.6,False,2,present,large,high,,184,False,0.4,non-BSA,COOH,False,present,2,False,high,False,14.347,1,False,False,magnet,0.4_non-BSA_COOH_magnet_r2
0.4 BACK/NON-BSA/2 hrs/PXL_20260827_130411918.jpg,0.4,non-BSA,2.0,2026-08-27 13:04:11.918,6,9.835,0.6 COOH,COOH,False,0.6,False,3,present,large,high,,185,False,0.4,non-BSA,COOH,False,present,3,False,high,False,9.835,1,False,False,magnet,0.4_non-BSA_COOH_magnet_r3
0.4 BACK/NON-BSA/2 hrs/PXL_20260827_131147754.jpg,0.4,non-BSA,2.0,2026-08-27 13:11:47.754,7,455.836,0.4 PEG,PEG,False,0.4,True,1,none,,high,,186,False,0.4,non-BSA,PEG,True,none,1,False,high,False,455.836,2,False,False,control,0.4_non-BSA_PEG_control_r1
0.4 BACK/NON-BSA/2 hrs/PXL_20260827_131159395.jpg,0.4,non-BSA,2.0,2026-08-27 13:11:59.395,8,11.641,0.4 PEG,PEG,False,0.4,True,3,none,,high,,187,False,0.4,non-BSA,PEG,True,none,2,False,high,True,11.641,2,False,False,control,0.4_non-BSA_PEG_control_r2
0.4 BACK/NON-BSA/2 hrs/PXL_20260827_131210175.jpg,0.4,non-BSA,2.0,2026-08-27 13:12:10.175,9,10.78,0.4 PEG,PEG,False,0.4,True,3,none,,high,duplicate angle of 0064,188,False,0.4,non-BSA,PEG,True,none,3,False,high,False,10.78,2,False,False,control,0.4_non-BSA_PEG_control_r3
0.4 BACK/NON-BSA/2 hrs/PXL_20260827_131246105.jpg,0.4,non-BSA,2.0,2026-08-27 13:12:46.105,10,35.93,0.6 COOH,COOH,False,0.6,True,1,none,,high,,189,False,0.4,non-BSA,COOH,True,none,1,False,high,False,35.93,2,False,False,control,0.4_non-BSA_COOH_control_r1
0.4 BACK/NON-BSA/2 hrs/PXL_20260827_131300819.jpg,0.4,non-BSA,2.0,2026-08-27 13:13:00.819,11,14.714,0.6 COOH,COOH,False,0.6,True,2,none,,high,,190,False,0.4,non-BSA,COOH,True,none,2,False,high,False,14.714,2,False,False,control,0.4_non-BSA_COOH_control_r2
0.4 BACK/NON-BSA/2 hrs/PXL_20260827_131317699.jpg,0.4,non-BSA,2.0,2026-08-27 13:13:17.699,12,16.88,0.6 COOH,COOH,False,0.6,True,3,none,,high,,191,False,0.4,non-BSA,COOH,True,none,3,False,high,False,16.88,2,False,False,control,0.4_non-BSA_COOH_control_r3
0.4 BACK/NON-BSA/3 hrs/PXL_20260827_140347293.jpg,0.4,non-BSA,3.0,2026-08-27 14:03:47.293,1,,0.4 PEG,PEG,False,0.4,False,1,present,large,high,,192,False,0.4,non-BSA,PEG,False,present,1,False,high,False,,1,False,False,magnet,0.4_non-BSA_PEG_magnet_r1
0.4 BACK/NON-BSA/3 hrs/PXL_20260827_140411381.jpg,0.4,non-BSA,3.0,2026-08-27 14:04:11.381,2,24.088,0.4 PEG,PEG,False,0.4,False,2,present,large,high,,193,False,0.4,non-BSA,PEG,False,present,2,False,high,False,24.088,1,False,False,magnet,0.4_non-BSA_PEG_magnet_r2
0.4 BACK/NON-BSA/3 hrs/PXL_20260827_140429778.jpg,0.4,non-BSA,3.0,2026-08-27 14:04:29.778,3,18.397,0.4 PEG,PEG,False,0.4,False,3,present,large,high,,194,False,0.4,non-BSA,PEG,False,present,3,False,high,False,18.397,1,False,False,magnet,0.4_non-BSA_PEG_magnet_r3
0.4 BACK/NON-BSA/3 hrs/PXL_20260827_140510028.jpg,0.4,non-BSA,3.0,2026-08-27 14:05:10.028,4,40.25,0.6 COOH,COOH,False,0.6,False,1,present,large,high,,195,False,0.4,non-BSA,COOH,False,present,1,False,high,False,40.25,1,False,False,magnet,0.4_non-BSA_COOH_magnet_r1
0.4 BACK/NON-BSA/3 hrs/PXL_20260827_140524052.jpg,0.4,non-BSA,3.0,2026-08-27 14:05:24.052,5,14.024,0.6 COOH,COOH,False,0.6,False,2,present,large,high,,196,False,0.4,non-BSA,COOH,False,present,2,False,high,False,14.024,1,False,False,magnet,0.4_non-BSA_COOH_magnet_r2
0.4 BACK/NON-BSA/3 hrs/PXL_20260827_140546913.jpg,0.4,non-BSA,3.0,2026-08-27 14:05:46.913,6,22.861,0.6 COOH,COOH,False,0.6,False,3,present,large,high,,197,False,0.4,non-BSA,COOH,False,present,3,False,high,False,22.861,1,False,False,magnet,0.4_non-BSA_COOH_magnet_r3
0.4 BACK/NON-BSA/3 hrs/PXL_20260827_141418132.jpg,0.4,non-BSA,3.0,2026-08-27 14:14:18.132,7,511.219,0.4 PEG,PEG,False,0.4,True,1,none,,high,,198,False,0.4,non-BSA,PEG,True,none,1,False,high,False,511.219,2,False,False,control,0.4_non-BSA_PEG_control_r1
0.4 BACK/NON-BSA/3 hrs/PXL_20260827_141432809.jpg,0.4,non-BSA,3.0,2026-08-27 14:14:32.809,8,14.677,0.4 PEG,PEG,False,0.4,True,3,none,,high,,199,False,0.4,non-BSA,PEG,True,none,2,False,high,True,14.677,2,False,False,control,0.4_non-BSA_PEG_control_r2
0.4 BACK/NON-BSA/3 hrs/PXL_20260827_141452211.jpg,0.4,non-BSA,3.0,2026-08-27 14:14:52.211,9,19.402,0.4 PEG,PEG,False,0.4,True,3,none,,high,duplicate angle of 0076,200,False,0.4,non-BSA,PEG,True,none,3,False,high,False,19.402,2,False,False,control,0.4_non-BSA_PEG_control_r3
0.4 BACK/NON-BSA/3 hrs/PXL_20260827_141529962.jpg,0.4,non-BSA,3.0,2026-08-27 14:15:29.962,10,37.751,0.6 COOH,COOH,False,0.6,True,1,none,,high,,201,False,0.4,non-BSA,COOH,True,none,1,False,high,False,37.751,2,False,False,control,0.4_non-BSA_COOH_control_r1
0.4 BACK/NON-BSA/3 hrs/PXL_20260827_141553992.jpg,0.4,non-BSA,3.0,2026-08-27 14:15:53.992,11,24.03,0.6 COOH,COOH,False,0.6,True,2,none,,high,,202,False,0.4,non-BSA,COOH,True,none,2,False,high,False,24.03,2,False,False,control,0.4_non-BSA_COOH_control_r2
0.4 BACK/NON-BSA/3 hrs/PXL_20260827_141611900.jpg,0.4,non-BSA,3.0,2026-08-27 14:16:11.900,12,17.908,0.6 COOH,COOH,False,0.6,True,3,none,,high,,203,False,0.4,non-BSA,COOH,True,none,3,False,high,False,17.908,2,False,False,control,0.4_non-BSA_COOH_control_r3
0.4 BACK/NON-BSA/4 hrs/PXL_20260827_150147330.jpg,0.4,non-BSA,4.0,2026-08-27 15:01:47.330,1,,0.4 PEG,PEG,False,0.4,False,1,present,large,high,,204,False,0.4,non-BSA,PEG,False,present,1,False,high,False,,1,False,False,magnet,0.4_non-BSA_PEG_magnet_r1
0.4 BACK/NON-BSA/4 hrs/PXL_20260827_150204790.jpg,0.4,non-BSA,4.0,2026-08-27 15:02:04.790,2,17.46,0.4 PEG,PEG,False,0.4,False,2,present,large,high,,205,False,0.4,non-BSA,PEG,False,present,2,False,high,False,17.46,1,False,False,magnet,0.4_non-BSA_PEG_magnet_r2
0.4 BACK/NON-BSA/4 hrs/PXL_20260827_150216136.jpg,0.4,non-BSA,4.0,2026-08-27 15:02:16.136,3,11.346,0.4 PEG,PEG,False,0.4,False,3,present,large,high,downscaled frame looked like 2 rows; high-res crop clearly shows 3,206,False,0.4,non-BSA,PEG,False,present,3,False,high,False,11.346,1,False,False,magnet,0.4_non-BSA_PEG_magnet_r3
0.4 BACK/NON-BSA/4 hrs/PXL_20260827_150239457.jpg,0.4,non-BSA,4.0,2026-08-27 15:02:39.457,4,23.321,0.6 COOH,COOH,False,0.6,False,1,present,large,high,,207,False,0.4,non-BSA,COOH,False,present,1,False,high,False,23.321,1,False,False,magnet,0.4_non-BSA_COOH_magnet_r1
0.4 BACK/NON-BSA/4 hrs/PXL_20260827_150248732.jpg,0.4,non-BSA,4.0,2026-08-27 15:02:48.732,5,9.275,0.6 COOH,COOH,False,0.6,False,2,present,large,high,,208,False,0.4,non-BSA,COOH,False,present,2,False,high,False,9.275,1,False,False,magnet,0.4_non-BSA_COOH_magnet_r2
0.4 BACK/NON-BSA/4 hrs/PXL_20260827_150258576.jpg,0.4,non-BSA,4.0,2026-08-27 15:02:58.576,6,9.844,0.6 COOH,COOH,False,0.6,False,3,present,large,high,,209,False,0.4,non-BSA,COOH,False,present,3,False,high,False,9.844,1,False,False,magnet,0.4_non-BSA_COOH_magnet_r3
0.4 BACK/NON-BSA/4 hrs/PXL_20260827_151227412.jpg,0.4,non-BSA,4.0,2026-08-27 15:12:27.412,7,568.836,0.4 PEG,PEG,False,0.4,True,1,none,,high,,210,False,0.4,non-BSA,PEG,True,none,1,False,high,False,568.836,2,False,False,control,0.4_non-BSA_PEG_control_r1
0.4 BACK/NON-BSA/4 hrs/PXL_20260827_151249426.jpg,0.4,non-BSA,4.0,2026-08-27 15:12:49.426,8,22.014,0.4 PEG,PEG,False,0.4,True,3,none,,high,,211,False,0.4,non-BSA,PEG,True,none,2,False,high,True,22.014,2,False,False,control,0.4_non-BSA_PEG_control_r2
0.4 BACK/NON-BSA/4 hrs/PXL_20260827_151309212.jpg,0.4,non-BSA,4.0,2026-08-27 15:13:09.212,9,19.786,0.4 PEG,PEG,False,0.4,True,3,none,,high,duplicate/alt-angle of 0088,212,False,0.4,non-BSA,PEG,True,none,3,False,high,False,19.786,2,False,False,control,0.4_non-BSA_PEG_control_r3
0.4 BACK/NON-BSA/4 hrs/PXL_20260827_151351770.jpg,0.4,non-BSA,4.0,2026-08-27 15:13:51.770,10,42.558,0.6 COOH,COOH,False,0.6,True,1,none,,high,,213,False,0.4,non-BSA,COOH,True,none,1,False,high,False,42.558,2,False,False,control,0.4_non-BSA_COOH_control_r1
0.4 BACK/NON-BSA/4 hrs/PXL_20260827_151410950.jpg,0.4,non-BSA,4.0,2026-08-27 15:14:10.950,11,19.18,0.6 COOH,COOH,False,0.6,True,3,none,,high,,214,False,0.4,non-BSA,COOH,True,none,2,False,high,True,19.18,2,False,False,control,0.4_non-BSA_COOH_control_r2
0.4 BACK/NON-BSA/4 hrs/PXL_20260827_151428327.jpg,0.4,non-BSA,4.0,2026-08-27 15:14:28.327,12,17.377,0.6 COOH,COOH,False,0.6,True,3,none,,high,duplicate/alt-angle of 0091,215,False,0.4,non-BSA,COOH,True,none,3,False,high,False,17.377,2,False,False,control,0.4_non-BSA_COOH_control_r3
0.4 BACK/NON-BSA/5 hrs/PXL_20260827_160318612.jpg,0.4,non-BSA,5.0,2026-08-27 16:03:18.612,1,,0.4 PEG,PEG,False,0.4,False,1,present,large,high,,216,False,0.4,non-BSA,PEG,False,present,1,False,high,False,,1,False,False,magnet,0.4_non-BSA_PEG_magnet_r1
0.4 BACK/NON-BSA/5 hrs/PXL_20260827_160341708.jpg,0.4,non-BSA,5.0,2026-08-27 16:03:41.708,2,23.096,0.4 PEG,PEG,False,0.4,False,2,present,large,high,,217,False,0.4,non-BSA,PEG,False,present,2,False,high,False,23.096,1,False,False,magnet,0.4_non-BSA_PEG_magnet_r2
0.4 BACK/NON-BSA/5 hrs/PXL_20260827_160353469.jpg,0.4,non-BSA,5.0,2026-08-27 16:03:53.469,3,11.761,0.4 PEG,PEG,False,0.4,False,3,present,large,high,,218,False,0.4,non-BSA,PEG,False,present,3,False,high,False,11.761,1,False,False,magnet,0.4_non-BSA_PEG_magnet_r3
0.4 BACK/NON-BSA/5 hrs/PXL_20260827_160422535.jpg,0.4,non-BSA,5.0,2026-08-27 16:04:22.535,4,29.066,0.6 COOH,COOH,False,0.6,False,1,present,large,high,,219,False,0.4,non-BSA,COOH,False,present,1,False,high,False,29.066,1,False,False,magnet,0.4_non-BSA_COOH_magnet_r1
0.4 BACK/NON-BSA/5 hrs/PXL_20260827_160442372.jpg,0.4,non-BSA,5.0,2026-08-27 16:04:42.372,5,19.837,0.6 COOH,COOH,False,0.6,False,3,present,large,low,"first tally row is faint/short and close to row 2; genuinely torn between 2 and 3 rows, and this sits between the 0096 (tally1) and 0098 (tally3) shots with no clear tally2 in between",220,False,0.4,non-BSA,COOH,False,present,2,False,high,True,19.837,1,False,True,magnet,0.4_non-BSA_COOH_magnet_r2
0.4 BACK/NON-BSA/5 hrs/PXL_20260827_160504640.jpg,0.4,non-BSA,5.0,2026-08-27 16:05:04.640,6,22.268,0.6 COOH,COOH,False,0.6,False,3,present,large,high,,221,False,0.4,non-BSA,COOH,False,present,3,False,high,False,22.268,1,False,False,magnet,0.4_non-BSA_COOH_magnet_r3
0.4 BACK/NON-BSA/5 hrs/PXL_20260827_161607611.jpg,0.4,non-BSA,5.0,2026-08-27 16:16:07.611,7,662.971,0.4 PEG,PEG,False,0.4,True,1,none,,high,,222,False,0.4,non-BSA,PEG,True,none,1,False,high,False,662.971,2,False,False,control,0.4_non-BSA_PEG_control_r1
0.4 BACK/NON-BSA/5 hrs/PXL_20260827_161640724.jpg,0.4,non-BSA,5.0,2026-08-27 16:16:40.724,8,33.113,0.4 PEG,PEG,False,0.4,True,3,none,,high,,223,False,0.4,non-BSA,PEG,True,none,2,False,high,True,33.113,2,False,False,control,0.4_non-BSA_PEG_control_r2
0.4 BACK/NON-BSA/5 hrs/PXL_20260827_161701068.jpg,0.4,non-BSA,5.0,2026-08-27 16:17:01.068,9,20.344,0.4 PEG,PEG,False,0.4,True,3,none,,high,duplicate/alt-angle of 0100,224,False,0.4,non-BSA,PEG,True,none,3,False,high,False,20.344,2,False,False,control,0.4_non-BSA_PEG_control_r3
0.4 BACK/NON-BSA/5 hrs/PXL_20260827_161739748.jpg,0.4,non-BSA,5.0,2026-08-27 16:17:39.748,10,38.68,0.6 COOH,COOH,False,0.6,True,1,none,,high,,225,False,0.4,non-BSA,COOH,True,none,1,False,high,False,38.68,2,False,False,control,0.4_non-BSA_COOH_control_r1
0.4 BACK/NON-BSA/5 hrs/PXL_20260827_161808896.jpg,0.4,non-BSA,5.0,2026-08-27 16:18:08.896,11,29.148,0.6 COOH,COOH,False,0.6,True,3,none,,high,,226,False,0.4,non-BSA,COOH,True,none,2,False,high,True,29.148,2,False,False,control,0.4_non-BSA_COOH_control_r2
0.4 BACK/NON-BSA/5 hrs/PXL_20260827_161955201.jpg,0.4,non-BSA,5.0,2026-08-27 16:19:55.201,12,106.305,0.6 COOH,COOH,False,0.6,True,3,none,,high,duplicate/alt-angle of 0103,227,False,0.4,non-BSA,COOH,True,none,3,False,high,False,106.305,2,False,False,control,0.4_non-BSA_COOH_control_r3
0.4 BACK/NON-BSA/6 hrs/PXL_20260827_170217290.jpg,0.4,non-BSA,6.0,2026-08-27 17:02:17.290,1,,0.4 PEG,PEG,False,0.4,False,1,present,large,high,,228,False,0.4,non-BSA,PEG,False,present,1,False,high,False,,1,False,False,magnet,0.4_non-BSA_PEG_magnet_r1
0.4 BACK/NON-BSA/6 hrs/PXL_20260827_170227014.jpg,0.4,non-BSA,6.0,2026-08-27 17:02:27.014,2,9.724,0.4 PEG,PEG,False,0.4,False,2,present,large,high,,229,False,0.4,non-BSA,PEG,False,present,2,False,high,False,9.724,1,False,False,magnet,0.4_non-BSA_PEG_magnet_r2
0.4 BACK/NON-BSA/6 hrs/PXL_20260827_170244858.jpg,0.4,non-BSA,6.0,2026-08-27 17:02:44.858,3,17.844,0.4 PEG,PEG,False,0.4,False,3,present,large,high,,230,False,0.4,non-BSA,PEG,False,present,3,False,high,False,17.844,1,False,False,magnet,0.4_non-BSA_PEG_magnet_r3
0.4 BACK/NON-BSA/6 hrs/PXL_20260827_170322668.jpg,0.4,non-BSA,6.0,2026-08-27 17:03:22.668,4,37.81,0.6 COOH,COOH,False,0.6,False,1,present,large,high,,231,False,0.4,non-BSA,COOH,False,present,1,False,high,False,37.81,1,False,False,magnet,0.4_non-BSA_COOH_magnet_r1
0.4 BACK/NON-BSA/6 hrs/PXL_20260827_170334693.jpg,0.4,non-BSA,6.0,2026-08-27 17:03:34.693,5,12.025,0.6 COOH,COOH,False,0.6,False,2,present,large,high,,232,False,0.4,non-BSA,COOH,False,present,2,False,high,False,12.025,1,False,False,magnet,0.4_non-BSA_COOH_magnet_r2
0.4 BACK/NON-BSA/6 hrs/PXL_20260827_170347700.jpg,0.4,non-BSA,6.0,2026-08-27 17:03:47.700,6,13.007,0.6 COOH,COOH,False,0.6,False,3,present,large,high,,233,False,0.4,non-BSA,COOH,False,present,3,False,high,False,13.007,1,False,False,magnet,0.4_non-BSA_COOH_magnet_r3
0.4 BACK/NON-BSA/6 hrs/PXL_20260827_171311387.jpg,0.4,non-BSA,6.0,2026-08-27 17:13:11.387,7,563.687,0.4 PEG,PEG,False,0.4,True,1,none,,high,,234,False,0.4,non-BSA,PEG,True,none,1,False,high,False,563.687,2,False,False,control,0.4_non-BSA_PEG_control_r1
0.4 BACK/NON-BSA/6 hrs/PXL_20260827_171345305.jpg,0.4,non-BSA,6.0,2026-08-27 17:13:45.305,8,33.918,0.4 PEG,PEG,False,0.4,True,3,none,,high,,235,False,0.4,non-BSA,PEG,True,none,2,False,high,True,33.918,2,False,False,control,0.4_non-BSA_PEG_control_r2
0.4 BACK/NON-BSA/6 hrs/PXL_20260827_171403935.jpg,0.4,non-BSA,6.0,2026-08-27 17:14:03.935,9,18.63,0.4 PEG,PEG,False,0.4,True,3,none,,high,duplicate/alt-angle of 0112,236,False,0.4,non-BSA,PEG,True,none,3,False,high,False,18.63,2,False,False,control,0.4_non-BSA_PEG_control_r3
0.4 BACK/NON-BSA/6 hrs/PXL_20260827_171511697.jpg,0.4,non-BSA,6.0,2026-08-27 17:15:11.697,10,67.762,0.6 COOH,COOH,False,0.6,True,1,none,,high,,237,False,0.4,non-BSA,COOH,True,none,1,False,high,False,67.762,2,False,False,control,0.4_non-BSA_COOH_control_r1
0.4 BACK/NON-BSA/6 hrs/PXL_20260827_171534992.jpg,0.4,non-BSA,6.0,2026-08-27 17:15:34.992,11,23.295,0.6 COOH,COOH,False,0.6,True,3,none,,high,,238,False,0.4,non-BSA,COOH,True,none,2,False,low,True,23.295,2,False,False,control,0.4_non-BSA_COOH_control_r2
0.4 BACK/NON-BSA/6 hrs/PXL_20260827_171554256.jpg,0.4,non-BSA,6.0,2026-08-27 17:15:54.256,12,19.264,0.6 COOH,COOH,False,0.6,True,3,none,,high,duplicate/alt-angle of 0115,239,False,0.4,non-BSA,COOH,True,none,3,False,high,False,19.264,2,False,False,control,0.4_non-BSA_COOH_control_r3
0.4 BACK/NON-BSA/7.5 hrs/PXL_20260827_183529860.jpg,0.4,non-BSA,7.5,2026-08-27 18:35:29.860,1,,0.4 PEG,PEG,False,0.4,False,1,present,large,high,,240,False,0.4,non-BSA,PEG,False,present,1,False,high,False,,1,False,False,magnet,0.4_non-BSA_PEG_magnet_r1
0.4 BACK/NON-BSA/7.5 hrs/PXL_20260827_183541282.jpg,0.4,non-BSA,7.5,2026-08-27 18:35:41.282,2,11.422,0.4 PEG,PEG,False,0.4,False,2,present,large,high,,241,False,0.4,non-BSA,PEG,False,present,2,False,high,False,11.422,1,False,False,magnet,0.4_non-BSA_PEG_magnet_r2
0.4 BACK/NON-BSA/7.5 hrs/PXL_20260827_183558074.jpg,0.4,non-BSA,7.5,2026-08-27 18:35:58.074,3,16.792,0.4 PEG,PEG,False,0.4,False,3,present,large,high,,242,False,0.4,non-BSA,PEG,False,present,3,False,high,False,16.792,1,False,False,magnet,0.4_non-BSA_PEG_magnet_r3
0.4 BACK/NON-BSA/7.5 hrs/PXL_20260827_183626993.jpg,0.4,non-BSA,7.5,2026-08-27 18:36:26.993,4,28.919,0.6 COOH,COOH,False,0.6,False,1,present,large,high,,243,False,0.4,non-BSA,COOH,False,present,1,False,high,False,28.919,1,False,False,magnet,0.4_non-BSA_COOH_magnet_r1
0.4 BACK/NON-BSA/7.5 hrs/PXL_20260827_183649132.jpg,0.4,non-BSA,7.5,2026-08-27 18:36:49.132,5,22.139,0.6 COOH,COOH,False,0.6,False,2,present,large,high,,244,False,0.4,non-BSA,COOH,False,present,2,False,high,False,22.139,1,False,False,magnet,0.4_non-BSA_COOH_magnet_r2
0.4 BACK/NON-BSA/7.5 hrs/PXL_20260827_183710931.jpg,0.4,non-BSA,7.5,2026-08-27 18:37:10.931,6,21.799,0.6 COOH,COOH,False,0.6,False,3,present,large,high,,245,False,0.4,non-BSA,COOH,False,present,3,False,high,False,21.799,1,False,False,magnet,0.4_non-BSA_COOH_magnet_r3
0.4 BACK/NON-BSA/7.5 hrs/PXL_20260827_184742008.jpg,0.4,non-BSA,7.5,2026-08-27 18:47:42.008,7,631.077,0.4 PEG,PEG,False,0.4,True,1,none,,high,,246,False,0.4,non-BSA,PEG,True,none,1,False,high,False,631.077,2,False,False,control,0.4_non-BSA_PEG_control_r1
0.4 BACK/NON-BSA/7.5 hrs/PXL_20260827_184826971.jpg,0.4,non-BSA,7.5,2026-08-27 18:48:26.971,8,44.963,0.4 PEG,PEG,False,0.4,True,2,none,,high,,247,False,0.4,non-BSA,PEG,True,none,2,False,high,False,44.963,2,False,False,control,0.4_non-BSA_PEG_control_r2
0.4 BACK/NON-BSA/7.5 hrs/PXL_20260827_184847778.jpg,0.4,non-BSA,7.5,2026-08-27 18:48:47.778,9,20.807,0.4 PEG,PEG,False,0.4,True,3,none,,high,,248,False,0.4,non-BSA,PEG,True,none,3,False,high,False,20.807,2,False,False,control,0.4_non-BSA_PEG_control_r3
0.4 BACK/NON-BSA/7.5 hrs/PXL_20260827_184942250.jpg,0.4,non-BSA,7.5,2026-08-27 18:49:42.250,10,54.472,0.6 COOH,COOH,False,0.6,True,1,none,,high,,249,False,0.4,non-BSA,COOH,True,none,1,False,high,False,54.472,2,False,False,control,0.4_non-BSA_COOH_control_r1
0.4 BACK/NON-BSA/7.5 hrs/PXL_20260827_184959438.jpg,0.4,non-BSA,7.5,2026-08-27 18:49:59.438,11,17.188,0.6 COOH,COOH,False,0.6,True,3,none,,high,"clearly 3 rows, but group has no tally=2 photo (126=1,127=3,128=3) - likely a duplicate shot",250,False,0.4,non-BSA,COOH,True,none,2,False,high,True,17.188,2,False,False,control,0.4_non-BSA_COOH_control_r2
0.4 BACK/NON-BSA/7.5 hrs/PXL_20260827_185016191.jpg,0.4,non-BSA,7.5,2026-08-27 18:50:16.191,12,16.753,0.6 COOH,COOH,False,0.6,True,3,none,,high,duplicate of 0127 tally=3,251,False,0.4,non-BSA,COOH,True,none,3,False,high,False,16.753,2,False,False,control,0.4_non-BSA_COOH_control_r3
0.4 BACK/NON-BSA/9 hrs/PXL_20260827_200337239.jpg,0.4,non-BSA,9.0,2026-08-27 20:03:37.239,1,,0.4 PEG,PEG,False,0.4,False,1,present,large,high,,252,False,0.4,non-BSA,PEG,False,present,1,False,high,False,,1,False,False,magnet,0.4_non-BSA_PEG_magnet_r1
0.4 BACK/NON-BSA/9 hrs/PXL_20260827_200348063.jpg,0.4,non-BSA,9.0,2026-08-27 20:03:48.063,2,10.824,0.4 PEG,PEG,False,0.4,False,2,present,large,high,,253,False,0.4,non-BSA,PEG,False,present,2,False,high,False,10.824,1,False,False,magnet,0.4_non-BSA_PEG_magnet_r2
0.4 BACK/NON-BSA/9 hrs/PXL_20260827_200405127.jpg,0.4,non-BSA,9.0,2026-08-27 20:04:05.127,3,17.064,0.4 PEG,PEG,False,0.4,False,3,present,large,high,,254,False,0.4,non-BSA,PEG,False,present,3,False,high,False,17.064,1,False,False,magnet,0.4_non-BSA_PEG_magnet_r3
0.4 BACK/NON-BSA/9 hrs/PXL_20260827_200428529.jpg,0.4,non-BSA,9.0,2026-08-27 20:04:28.529,4,23.402,0.6 COOH,COOH,False,0.6,False,1,present,large,high,,255,False,0.4,non-BSA,COOH,False,present,1,False,high,False,23.402,1,False,False,magnet,0.4_non-BSA_COOH_magnet_r1
0.4 BACK/NON-BSA/9 hrs/PXL_20260827_200440659.jpg,0.4,non-BSA,9.0,2026-08-27 20:04:40.659,5,12.13,0.6 COOH,COOH,False,0.6,False,2,present,large,high,,256,False,0.4,non-BSA,COOH,False,present,2,False,high,False,12.13,1,False,False,magnet,0.4_non-BSA_COOH_magnet_r2
0.4 BACK/NON-BSA/9 hrs/PXL_20260827_200449798.jpg,0.4,non-BSA,9.0,2026-08-27 20:04:49.798,6,9.139,0.6 COOH,COOH,False,0.6,False,3,present,large,high,,257,False,0.4,non-BSA,COOH,False,present,3,False,high,False,9.139,1,False,False,magnet,0.4_non-BSA_COOH_magnet_r3
0.4 BACK/NON-BSA/9 hrs/PXL_20260827_201355263.jpg,0.4,non-BSA,9.0,2026-08-27 20:13:55.263,7,545.465,0.4 PEG,PEG,False,0.4,True,1,none,,high,,258,False,0.4,non-BSA,PEG,True,none,1,False,high,False,545.465,2,False,False,control,0.4_non-BSA_PEG_control_r1
0.4 BACK/NON-BSA/9 hrs/PXL_20260827_201429802.jpg,0.4,non-BSA,9.0,2026-08-27 20:14:29.802,8,34.539,0.4 PEG,PEG,False,0.4,True,2,none,,high,,259,False,0.4,non-BSA,PEG,True,none,2,False,high,False,34.539,2,False,False,control,0.4_non-BSA_PEG_control_r2
0.4 BACK/NON-BSA/9 hrs/PXL_20260827_201459954.jpg,0.4,non-BSA,9.0,2026-08-27 20:14:59.954,9,30.152,0.4 PEG,PEG,False,0.4,True,3,none,,high,,260,False,0.4,non-BSA,PEG,True,none,3,False,high,False,30.152,2,False,False,control,0.4_non-BSA_PEG_control_r3
0.4 BACK/NON-BSA/9 hrs/PXL_20260827_201532090.jpg,0.4,non-BSA,9.0,2026-08-27 20:15:32.090,10,32.136,0.6 COOH,COOH,False,0.6,True,1,none,,high,,261,False,0.4,non-BSA,COOH,True,none,1,False,high,False,32.136,2,False,False,control,0.4_non-BSA_COOH_control_r1
0.4 BACK/NON-BSA/9 hrs/PXL_20260827_201555766.jpg,0.4,non-BSA,9.0,2026-08-27 20:15:55.766,11,23.676,0.6 COOH,COOH,False,0.6,True,3,none,,high,"clearly 3 rows, but group has no tally=2 photo (138=1,139=3,140=3) - likely a duplicate shot",262,False,0.4,non-BSA,COOH,True,none,2,False,high,True,23.676,2,False,False,control,0.4_non-BSA_COOH_control_r2
0.4 BACK/NON-BSA/9 hrs/PXL_20260827_201606310.jpg,0.4,non-BSA,9.0,2026-08-27 20:16:06.310,12,10.544,0.6 COOH,COOH,False,0.6,True,3,none,,high,duplicate of 0139 tally=3,263,False,0.4,non-BSA,COOH,True,none,3,False,high,False,10.544,2,False,False,control,0.4_non-BSA_COOH_control_r3
0.4 BACK/NON-BSA/10.5 hrs/PXL_20260827_213208705.jpg,0.4,non-BSA,10.5,2026-08-27 21:32:08.705,1,,0.4 PEG,PEG,False,0.4,False,1,present,large,high,,264,False,0.4,non-BSA,PEG,False,present,1,False,high,False,,1,False,False,magnet,0.4_non-BSA_PEG_magnet_r1
0.4 BACK/NON-BSA/10.5 hrs/PXL_20260827_213229527.jpg,0.4,non-BSA,10.5,2026-08-27 21:32:29.527,2,20.822,0.4 PEG,PEG,False,0.4,False,2,present,large,high,,265,False,0.4,non-BSA,PEG,False,present,2,False,high,False,20.822,1,False,False,magnet,0.4_non-BSA_PEG_magnet_r2
0.4 BACK/NON-BSA/10.5 hrs/PXL_20260827_213237249.jpg,0.4,non-BSA,10.5,2026-08-27 21:32:37.249,3,7.722,0.4 PEG,PEG,False,0.4,False,3,present,large,high,,266,False,0.4,non-BSA,PEG,False,present,3,False,high,False,7.722,1,False,False,magnet,0.4_non-BSA_PEG_magnet_r3
0.4 BACK/NON-BSA/10.5 hrs/PXL_20260827_213300267.jpg,0.4,non-BSA,10.5,2026-08-27 21:33:00.267,4,23.018,0.6 COOH,COOH,False,0.6,False,1,present,large,high,,267,False,0.4,non-BSA,COOH,False,present,1,False,high,False,23.018,1,False,False,magnet,0.4_non-BSA_COOH_magnet_r1
0.4 BACK/NON-BSA/10.5 hrs/PXL_20260827_213313721.jpg,0.4,non-BSA,10.5,2026-08-27 21:33:13.721,5,13.454,0.6 COOH,COOH,False,0.6,False,2,present,large,high,,268,False,0.4,non-BSA,COOH,False,present,2,False,high,False,13.454,1,False,False,magnet,0.4_non-BSA_COOH_magnet_r2
0.4 BACK/NON-BSA/10.5 hrs/PXL_20260827_213327384.jpg,0.4,non-BSA,10.5,2026-08-27 21:33:27.384,6,13.663,0.6 COOH,COOH,False,0.6,False,3,present,large,high,,269,False,0.4,non-BSA,COOH,False,present,3,False,high,False,13.663,1,False,False,magnet,0.4_non-BSA_COOH_magnet_r3
0.4 BACK/NON-BSA/10.5 hrs/PXL_20260827_214225614.jpg,0.4,non-BSA,10.5,2026-08-27 21:42:25.614,7,538.23,0.4 PEG,PEG,False,0.4,True,1,none,,high,,270,False,0.4,non-BSA,PEG,True,none,1,False,high,False,538.23,2,False,False,control,0.4_non-BSA_PEG_control_r1
0.4 BACK/NON-BSA/10.5 hrs/PXL_20260827_214244239.jpg,0.4,non-BSA,10.5,2026-08-27 21:42:44.239,8,18.625,0.4 PEG,PEG,False,0.4,True,2,none,,high,,271,False,0.4,non-BSA,PEG,True,none,2,False,high,False,18.625,2,False,False,control,0.4_non-BSA_PEG_control_r2
0.4 BACK/NON-BSA/10.5 hrs/PXL_20260827_214259734.jpg,0.4,non-BSA,10.5,2026-08-27 21:42:59.734,9,15.495,0.4 PEG,PEG,False,0.4,True,3,none,,high,,272,False,0.4,non-BSA,PEG,True,none,3,False,high,False,15.495,2,False,False,control,0.4_non-BSA_PEG_control_r3
0.4 BACK/NON-BSA/10.5 hrs/PXL_20260827_214333993.jpg,0.4,non-BSA,10.5,2026-08-27 21:43:33.993,10,34.259,0.6 COOH,COOH,False,0.6,True,1,none,,high,,273,False,0.4,non-BSA,COOH,True,none,1,False,high,False,34.259,2,False,False,control,0.4_non-BSA_COOH_control_r1
0.4 BACK/NON-BSA/10.5 hrs/PXL_20260827_214348075.jpg,0.4,non-BSA,10.5,2026-08-27 21:43:48.075,11,14.082,0.6 COOH,COOH,False,0.6,True,2,none,,high,,274,False,0.4,non-BSA,COOH,True,none,2,False,high,False,14.082,2,False,False,control,0.4_non-BSA_COOH_control_r2
0.4 BACK/NON-BSA/10.5 hrs/PXL_20260827_214403877.jpg,0.4,non-BSA,10.5,2026-08-27 21:44:03.877,12,15.802,0.6 COOH,COOH,False,0.6,True,3,none,,high,,275,False,0.4,non-BSA,COOH,True,none,3,False,high,False,15.802,2,False,False,control,0.4_non-BSA_COOH_control_r3
0.4 BACK/NON-BSA/12 hrs/PXL_20260827_225313897.jpg,0.4,non-BSA,12.0,2026-08-27 22:53:13.897,1,,0.4 PEG,PEG,False,0.4,False,1,present,large,high,,276,False,0.4,non-BSA,PEG,False,present,1,False,high,False,,1,False,False,magnet,0.4_non-BSA_PEG_magnet_r1
0.4 BACK/NON-BSA/12 hrs/PXL_20260827_225324765.jpg,0.4,non-BSA,12.0,2026-08-27 22:53:24.765,2,10.868,0.4 PEG,PEG,False,0.4,False,2,present,large,high,,277,False,0.4,non-BSA,PEG,False,present,2,False,high,False,10.868,1,False,False,magnet,0.4_non-BSA_PEG_magnet_r2
0.4 BACK/NON-BSA/12 hrs/PXL_20260827_225346069.jpg,0.4,non-BSA,12.0,2026-08-27 22:53:46.069,3,21.304,0.4 PEG,PEG,False,0.4,False,3,present,large,high,,278,False,0.4,non-BSA,PEG,False,present,3,False,high,False,21.304,1,False,False,magnet,0.4_non-BSA_PEG_magnet_r3
0.4 BACK/NON-BSA/12 hrs/PXL_20260827_225416598.jpg,0.4,non-BSA,12.0,2026-08-27 22:54:16.598,4,30.529,0.6 COOH,COOH,False,0.6,False,1,present,large,high,,279,False,0.4,non-BSA,COOH,False,present,1,False,high,False,30.529,1,False,False,magnet,0.4_non-BSA_COOH_magnet_r1
0.4 BACK/NON-BSA/12 hrs/PXL_20260827_225427122.jpg,0.4,non-BSA,12.0,2026-08-27 22:54:27.122,5,10.524,0.6 COOH,COOH,False,0.6,False,2,present,large,high,,280,False,0.4,non-BSA,COOH,False,present,2,False,high,False,10.524,1,False,False,magnet,0.4_non-BSA_COOH_magnet_r2
0.4 BACK/NON-BSA/12 hrs/PXL_20260827_225447279.jpg,0.4,non-BSA,12.0,2026-08-27 22:54:47.279,6,20.157,0.6 COOH,COOH,False,0.6,False,3,present,large,high,,281,False,0.4,non-BSA,COOH,False,present,3,False,high,False,20.157,1,False,False,magnet,0.4_non-BSA_COOH_magnet_r3
0.4 BACK/NON-BSA/12 hrs/PXL_20260827_230529580.jpg,0.4,non-BSA,12.0,2026-08-27 23:05:29.580,7,642.301,0.4 PEG,PEG,False,0.4,True,1,none,,high,,282,False,0.4,non-BSA,PEG,True,none,1,False,high,False,642.301,2,False,False,control,0.4_non-BSA_PEG_control_r1
0.4 BACK/NON-BSA/12 hrs/PXL_20260827_230543628.jpg,0.4,non-BSA,12.0,2026-08-27 23:05:43.628,8,14.048,0.4 PEG,PEG,False,0.4,True,2,none,,high,,283,False,0.4,non-BSA,PEG,True,none,2,False,high,False,14.048,2,False,False,control,0.4_non-BSA_PEG_control_r2
0.4 BACK/NON-BSA/12 hrs/PXL_20260827_230557224.jpg,0.4,non-BSA,12.0,2026-08-27 23:05:57.224,9,13.596,0.4 PEG,PEG,False,0.4,True,3,none,,high,,284,False,0.4,non-BSA,PEG,True,none,3,False,high,False,13.596,2,False,False,control,0.4_non-BSA_PEG_control_r3
0.4 BACK/NON-BSA/12 hrs/PXL_20260827_230637492.jpg,0.4,non-BSA,12.0,2026-08-27 23:06:37.492,10,40.268,0.4 COOH,COOH,False,0.4,True,1,none,,high,,285,False,0.4,non-BSA,COOH,True,none,1,False,high,False,40.268,2,False,False,control,0.4_non-BSA_COOH_control_r1
0.4 BACK/NON-BSA/12 hrs/PXL_20260827_230648654.jpg,0.4,non-BSA,12.0,2026-08-27 23:06:48.654,11,11.162,0.4 COOH,COOH,False,0.4,True,3,none,,high,,286,False,0.4,non-BSA,COOH,True,none,2,False,high,True,11.162,2,False,False,control,0.4_non-BSA_COOH_control_r2
0.4 BACK/NON-BSA/12 hrs/PXL_20260827_230701717.jpg,0.4,non-BSA,12.0,2026-08-27 23:07:01.717,12,13.063,0.4 COOH,COOH,False,0.4,True,3,none,,high,"likely same repeat as 0163, re-photographed",287,False,0.4,non-BSA,COOH,True,none,3,False,high,False,13.063,2,False,False,control,0.4_non-BSA_COOH_control_r3
0.4 BACK/NON-BSA/21.5 hrs/PXL_20260828_083225734.jpg,0.4,non-BSA,21.5,2026-08-28 08:32:25.734,1,,0.4 PEG,PEG,False,0.4,False,2,present,large,high,,288,False,0.4,non-BSA,PEG,False,present,2,False,high,False,,1,False,False,magnet,0.4_non-BSA_PEG_magnet_r2
0.4 BACK/NON-BSA/21.5 hrs/PXL_20260828_083248708.jpg,0.4,non-BSA,21.5,2026-08-28 08:32:48.708,2,22.974,0.4 PEG,PEG,False,0.4,False,3,present,large,high,,289,False,0.4,non-BSA,PEG,False,present,3,False,high,False,22.974,1,False,False,magnet,0.4_non-BSA_PEG_magnet_r3
0.4 BACK/NON-BSA/21.5 hrs/PXL_20260828_083315394.jpg,0.4,non-BSA,21.5,2026-08-28 08:33:15.394,3,26.686,0.4 PEG,PEG,False,0.4,False,1,present,large,high,,290,False,0.4,non-BSA,PEG,False,present,1,False,high,False,26.686,1,False,False,magnet,0.4_non-BSA_PEG_magnet_r1
0.4 BACK/NON-BSA/21.5 hrs/PXL_20260828_083405489.jpg,0.4,non-BSA,21.5,2026-08-28 08:34:05.489,4,50.095,0.4 COOH,COOH,False,0.4,False,1,present,large,high,,291,False,0.4,non-BSA,COOH,False,present,1,False,high,False,50.095,1,False,False,magnet,0.4_non-BSA_COOH_magnet_r1
0.4 BACK/NON-BSA/21.5 hrs/PXL_20260828_083427246.jpg,0.4,non-BSA,21.5,2026-08-28 08:34:27.246,5,21.757,0.4 COOH,COOH,False,0.4,False,3,present,large,high,,292,False,0.4,non-BSA,COOH,False,present,3,False,high,False,21.757,1,False,False,magnet,0.4_non-BSA_COOH_magnet_r3
0.4 BACK/NON-BSA/21.5 hrs/PXL_20260828_084042666.jpg,0.4,non-BSA,21.5,2026-08-28 08:40:42.666,6,375.42,0.4 COOH,COOH,False,0.4,False,2,present,large,high,,293,False,0.4,non-BSA,COOH,False,present,2,False,high,False,375.42,2,False,False,magnet,0.4_non-BSA_COOH_magnet_r2
0.4 BACK/NON-BSA/21.5 hrs/PXL_20260828_085143882.jpg,0.4,non-BSA,21.5,2026-08-28 08:51:43.882,7,661.216,0.4 PEG,PEG,False,0.4,True,1,none,,high,,294,False,0.4,non-BSA,PEG,True,none,1,False,high,False,661.216,3,False,False,control,0.4_non-BSA_PEG_control_r1
0.4 BACK/NON-BSA/21.5 hrs/PXL_20260828_085155724.jpg,0.4,non-BSA,21.5,2026-08-28 08:51:55.724,8,11.842,0.4 PEG,PEG,False,0.4,True,2,none,,high,,295,False,0.4,non-BSA,PEG,True,none,2,False,high,False,11.842,3,False,False,control,0.4_non-BSA_PEG_control_r2
0.4 BACK/NON-BSA/21.5 hrs/PXL_20260828_085215175.jpg,0.4,non-BSA,21.5,2026-08-28 08:52:15.175,9,19.451,0.4 PEG,PEG,False,0.4,True,3,none,,high,,296,False,0.4,non-BSA,PEG,True,none,3,False,high,False,19.451,3,False,False,control,0.4_non-BSA_PEG_control_r3
0.4 BACK/NON-BSA/21.5 hrs/PXL_20260828_085359190.jpg,0.4,non-BSA,21.5,2026-08-28 08:53:59.190,10,104.015,0.4 COOH,COOH,False,0.4,True,1,none,,high,,297,False,0.4,non-BSA,COOH,True,none,1,False,high,False,104.015,3,False,False,control,0.4_non-BSA_COOH_control_r1
0.4 BACK/NON-BSA/21.5 hrs/PXL_20260828_085412699.jpg,0.4,non-BSA,21.5,2026-08-28 08:54:12.699,11,13.509,0.4 COOH,COOH,False,0.4,True,2,none,,high,,298,False,0.4,non-BSA,COOH,True,none,2,False,high,False,13.509,3,False,False,control,0.4_non-BSA_COOH_control_r2
0.4 BACK/NON-BSA/21.5 hrs/PXL_20260828_085425502.jpg,0.4,non-BSA,21.5,2026-08-28 08:54:25.502,12,12.803,0.4 COOH,COOH,False,0.4,True,3,none,,high,,299,False,0.4,non-BSA,COOH,True,none,3,False,high,False,12.803,3,False,False,control,0.4_non-BSA_COOH_control_r3
0.6 BACK/BSA/0 hrs/PXL_20260827_111031212.jpg,0.6,BSA,0.0,2026-08-27 11:10:31.212,1,,0.6 BSA PEG,PEG,True,0.6,False,1,present,large,high,,300,False,0.6,BSA,PEG,False,present,1,False,high,False,,1,True,False,magnet,0.6_BSA_PEG_magnet_r1
0.6 BACK/BSA/0 hrs/PXL_20260827_111058142.jpg,0.6,BSA,0.0,2026-08-27 11:10:58.142,2,26.93,0.6 BSA PEG,PEG,True,0.6,False,1,present,large,high,near-duplicate of 0177,301,False,0.6,BSA,PEG,False,present,1,True,high,False,26.93,1,True,False,magnet,0.6_BSA_PEG_magnet_r1
0.6 BACK/BSA/0 hrs/PXL_20260827_111121594.jpg,0.6,BSA,0.0,2026-08-27 11:11:21.594,3,23.452,0.6 BSA PEG,PEG,True,0.6,False,2,none,,low,no magnet present but second tab shows no clear red C; control status ambiguous,302,False,0.6,BSA,PEG,False,none,2,False,high,False,23.452,1,False,True,magnet,0.6_BSA_PEG_magnet_r2
0.6 BACK/BSA/0 hrs/PXL_20260827_111142172.jpg,0.6,BSA,0.0,2026-08-27 11:11:42.172,4,20.578,0.6 BSA PEG,PEG,True,0.6,False,2,present,large,high,,303,False,0.6,BSA,PEG,False,present,2,False,high,False,20.578,1,True,False,magnet,0.6_BSA_PEG_magnet_r2
0.6 BACK/BSA/0 hrs/PXL_20260827_111156348.jpg,0.6,BSA,0.0,2026-08-27 11:11:56.348,5,14.176,0.6 BSA PEG,PEG,True,0.6,False,3,present,large,high,,304,False,0.6,BSA,PEG,False,present,3,False,high,False,14.176,1,True,False,magnet,0.6_BSA_PEG_magnet_r3
0.6 BACK/BSA/0 hrs/PXL_20260827_111210701.jpg,0.6,BSA,0.0,2026-08-27 11:12:10.701,6,14.353,0.6 BSA PEG,PEG,True,0.6,False,2,present,large,high,,305,False,0.6,BSA,PEG,False,present,2,True,high,False,14.353,1,True,False,magnet,0.6_BSA_PEG_magnet_r2
0.6 BACK/BSA/0 hrs/PXL_20260827_111241592.jpg,0.6,BSA,0.0,2026-08-27 11:12:41.592,7,30.891,0.6 BSA COOH,COOH,True,0.6,False,1,present,large,low,"tally mark is a dense blurry blob, rows hard to separate",306,False,0.6,BSA,COOH,False,present,2,False,low,True,30.891,1,True,True,magnet,0.6_BSA_COOH_magnet_r2
0.6 BACK/BSA/0 hrs/PXL_20260827_111254584.jpg,0.6,BSA,0.0,2026-08-27 11:12:54.584,8,12.992,0.6 BSA COOH,COOH,True,0.6,False,1,present,large,low,"tally mark is a dense blurry blob, rows hard to separate",307,False,0.6,BSA,COOH,False,present,2,True,high,True,12.992,1,True,True,magnet,0.6_BSA_COOH_magnet_r2
0.6 BACK/BSA/0 hrs/PXL_20260827_111306861.jpg,0.6,BSA,0.0,2026-08-27 11:13:06.861,9,12.277,0.6 BSA COOH,COOH,True,0.6,False,2,present,large,high,,308,False,0.6,BSA,COOH,False,present,3,False,high,True,12.277,1,True,False,magnet,0.6_BSA_COOH_magnet_r3
0.6 BACK/BSA/0 hrs/PXL_20260827_111320682.jpg,0.6,BSA,0.0,2026-08-27 11:13:20.682,10,13.821,0.6 BSA COOH,COOH,True,0.6,False,2,present,large,high,,309,False,0.6,BSA,COOH,False,present,3,True,high,True,13.821,1,True,False,magnet,0.6_BSA_COOH_magnet_r3
0.6 BACK/BSA/0 hrs/PXL_20260827_111342603.jpg,0.6,BSA,0.0,2026-08-27 11:13:42.603,11,21.921,0.6 BSA COOH,COOH,True,0.6,False,2,present,large,high,,310,False,0.6,BSA,COOH,False,present,1,False,high,True,21.921,1,True,False,magnet,0.6_BSA_COOH_magnet_r1
0.6 BACK/BSA/0 hrs/PXL_20260827_111358095.jpg,0.6,BSA,0.0,2026-08-27 11:13:58.095,12,15.492,0.6 BSA COOH,COOH,True,0.6,False,3,present,large,high,,311,False,0.6,BSA,COOH,False,present,2,True,high,True,15.492,1,True,False,magnet,0.6_BSA_COOH_magnet_r2
0.6 BACK/BSA/0 hrs/PXL_20260827_112101846.jpg,0.6,BSA,0.0,2026-08-27 11:21:01.846,13,423.751,0.6 BSA PEG,PEG,True,0.6,True,1,none,,high,,312,False,0.6,BSA,PEG,True,none,1,False,high,False,423.751,2,False,False,control,0.6_BSA_PEG_control_r1
0.6 BACK/BSA/0 hrs/PXL_20260827_112111841.jpg,0.6,BSA,0.0,2026-08-27 11:21:11.841,14,9.995,0.6 BSA PEG,PEG,True,0.6,True,3,none,,high,,313,False,0.6,BSA,PEG,True,none,2,False,high,True,9.995,2,False,False,control,0.6_BSA_PEG_control_r2
0.6 BACK/BSA/0 hrs/PXL_20260827_112124500.jpg,0.6,BSA,0.0,2026-08-27 11:21:24.500,15,12.659,0.6 BSA PEG,PEG,True,0.6,True,3,none,,high,"likely same repeat as 0190, re-photographed",314,False,0.6,BSA,PEG,True,none,3,False,high,False,12.659,2,False,False,control,0.6_BSA_PEG_control_r3
0.6 BACK/BSA/0 hrs/PXL_20260827_112155633.jpg,0.6,BSA,0.0,2026-08-27 11:21:55.633,16,31.133,0.6 BSA COOH,COOH,True,0.6,True,1,none,,high,,315,False,0.6,BSA,COOH,True,none,1,False,high,False,31.133,2,False,False,control,0.6_BSA_COOH_control_r1
0.6 BACK/BSA/0 hrs/PXL_20260827_112210476.jpg,0.6,BSA,0.0,2026-08-27 11:22:10.476,17,14.843,0.6 BSA COOH,COOH,True,0.6,True,3,none,,low,"second tab's C mark drawn with an extra stroke, shape less clean than usual",316,False,0.6,BSA,COOH,True,none,2,False,high,True,14.843,2,False,True,control,0.6_BSA_COOH_control_r2
0.6 BACK/BSA/0 hrs/PXL_20260827_112223299.jpg,0.6,BSA,0.0,2026-08-27 11:22:23.299,18,12.823,0.6 BSA COOH,COOH,True,0.6,True,3,none,,high,"likely same repeat as 0193, re-photographed",317,False,0.6,BSA,COOH,True,none,3,False,high,False,12.823,2,False,False,control,0.6_BSA_COOH_control_r3
0.6 BACK/BSA/1 hr/PXL_20260827_120802004.jpg,0.6,BSA,1.0,2026-08-27 12:08:02.004,1,,0.6 BSA PEG,PEG,True,0.6,False,1,present,large,high,,318,False,0.6,BSA,PEG,False,present,1,False,high,False,,1,False,False,magnet,0.6_BSA_PEG_magnet_r1
0.6 BACK/BSA/1 hr/PXL_20260827_120820176.jpg,0.6,BSA,1.0,2026-08-27 12:08:20.176,2,18.172,0.6 BSA PEG,PEG,True,0.6,False,2,present,large,high,,319,False,0.6,BSA,PEG,False,present,2,False,high,False,18.172,1,False,False,magnet,0.6_BSA_PEG_magnet_r2
0.6 BACK/BSA/1 hr/PXL_20260827_120843277.jpg,0.6,BSA,1.0,2026-08-27 12:08:43.277,3,23.101,0.6 BSA PEG,PEG,True,0.6,False,3,present,large,high,,320,False,0.6,BSA,PEG,False,present,3,False,high,False,23.101,1,False,False,magnet,0.6_BSA_PEG_magnet_r3
0.6 BACK/BSA/1 hr/PXL_20260827_120913895.jpg,0.6,BSA,1.0,2026-08-27 12:09:13.895,4,30.618,0.6 BSA COOH,COOH,True,0.6,False,1,present,large,low,"dense blurry blob tally mark, rows hard to separate",321,False,0.6,BSA,COOH,False,present,1,False,high,False,30.618,1,False,True,magnet,0.6_BSA_COOH_magnet_r1
0.6 BACK/BSA/1 hr/PXL_20260827_120937739.jpg,0.6,BSA,1.0,2026-08-27 12:09:37.739,5,23.844,0.6 BSA COOH,COOH,True,0.6,False,2,present,large,high,,322,False,0.6,BSA,COOH,False,present,2,False,high,False,23.844,1,False,False,magnet,0.6_BSA_COOH_magnet_r2
0.6 BACK/BSA/1 hr/PXL_20260827_121010071.jpg,0.6,BSA,1.0,2026-08-27 12:10:10.071,6,32.332,0.6 BSA COOH,COOH,True,0.6,False,3,present,large,low,"thin top row plus 2 thick rows; top row faint, borderline 2-vs-3; appears to be same sample as 0212 photographed differently",323,False,0.6,BSA,COOH,False,present,3,False,high,False,32.332,1,False,True,magnet,0.6_BSA_COOH_magnet_r3
0.6 BACK/BSA/1 hr/PXL_20260827_123120096.jpg,0.6,BSA,1.0,2026-08-27 12:31:20.096,7,1270.025,0.6 BSA PEG,PEG,True,0.6,True,1,none,,high,,324,False,0.6,BSA,PEG,True,none,1,False,high,False,1270.025,2,False,False,control,0.6_BSA_PEG_control_r1
0.6 BACK/BSA/1 hr/PXL_20260827_123131089.jpg,0.6,BSA,1.0,2026-08-27 12:31:31.089,8,10.993,0.6 BSA PEG,PEG,True,0.6,True,3,none,,high,,325,False,0.6,BSA,PEG,True,none,2,False,high,True,10.993,2,False,False,control,0.6_BSA_PEG_control_r2
0.6 BACK/BSA/1 hr/PXL_20260827_123143295.jpg,0.6,BSA,1.0,2026-08-27 12:31:43.295,9,12.206,0.6 BSA PEG,PEG,True,0.6,True,3,none,,high,same sample/pattern as 0202,326,False,0.6,BSA,PEG,True,none,3,False,high,False,12.206,2,False,False,control,0.6_BSA_PEG_control_r3
0.6 BACK/BSA/1 hr/PXL_20260827_123339387.jpg,0.6,BSA,1.0,2026-08-27 12:33:39.387,10,116.092,0.6 BSA COOH,COOH,True,0.6,True,3,none,,high,,327,False,0.6,BSA,COOH,True,none,1,False,low,True,116.092,2,False,False,control,0.6_BSA_COOH_control_r1
0.6 BACK/BSA/1 hr/PXL_20260827_123350650.jpg,0.6,BSA,1.0,2026-08-27 12:33:50.650,11,11.263,0.6 BSA COOH,COOH,True,0.6,True,3,none,,low,control mark smudged/blob-shaped but consistent with C; tally rows clear,328,False,0.6,BSA,COOH,True,none,2,False,high,True,11.263,2,False,True,control,0.6_BSA_COOH_control_r2
0.6 BACK/BSA/1 hr/PXL_20260827_123401908.jpg,0.6,BSA,1.0,2026-08-27 12:34:01.908,12,11.258,0.6 BSA COOH,COOH,True,0.6,True,3,none,,high,same sample/pattern as 0205,329,False,0.6,BSA,COOH,True,none,3,False,high,False,11.258,2,False,False,control,0.6_BSA_COOH_control_r3
0.6 BACK/BSA/2 hrs/PXL_20260827_130432852.jpg,0.6,BSA,2.0,2026-08-27 13:04:32.852,1,,0.6 BSA PEG,PEG,True,0.6,False,1,present,large,high,,330,False,0.6,BSA,PEG,False,present,1,False,high,False,,1,False,False,magnet,0.6_BSA_PEG_magnet_r1
0.6 BACK/BSA/2 hrs/PXL_20260827_130446169.jpg,0.6,BSA,2.0,2026-08-27 13:04:46.169,2,13.317,0.6 BSA PEG,PEG,True,0.6,False,2,present,large,high,,331,False,0.6,BSA,PEG,False,present,2,False,high,False,13.317,1,False,False,magnet,0.6_BSA_PEG_magnet_r2
0.6 BACK/BSA/2 hrs/PXL_20260827_130457912.jpg,0.6,BSA,2.0,2026-08-27 13:04:57.912,3,11.743,0.6 BSA PEG,PEG,True,0.6,False,3,present,large,high,,332,False,0.6,BSA,PEG,False,present,3,False,high,False,11.743,1,False,False,magnet,0.6_BSA_PEG_magnet_r3
0.6 BACK/BSA/2 hrs/PXL_20260827_130517004.jpg,0.6,BSA,2.0,2026-08-27 13:05:17.004,4,19.092,0.6 BSA COOH,COOH,True,0.6,False,1,present,large,high,single dashed/blobby row,333,False,0.6,BSA,COOH,False,present,1,False,high,False,19.092,1,False,False,magnet,0.6_BSA_COOH_magnet_r1
0.6 BACK/BSA/2 hrs/PXL_20260827_130532210.jpg,0.6,BSA,2.0,2026-08-27 13:05:32.210,5,15.206,0.6 BSA COOH,COOH,True,0.6,False,2,present,large,high,,334,False,0.6,BSA,COOH,False,present,2,False,high,False,15.206,1,False,False,magnet,0.6_BSA_COOH_magnet_r2
0.6 BACK/BSA/2 hrs/PXL_20260827_130551369.jpg,0.6,BSA,2.0,2026-08-27 13:05:51.369,6,19.159,0.6 BSA COOH,COOH,True,0.6,False,3,present,large,low,"thin top row plus 2 thick rows; top row faint, borderline 2-vs-3; appears to be same sample as 0200",335,False,0.6,BSA,COOH,False,present,3,False,high,False,19.159,1,False,True,magnet,0.6_BSA_COOH_magnet_r3
0.6 BACK/BSA/2 hrs/PXL_20260827_131356599.jpg,0.6,BSA,2.0,2026-08-27 13:13:56.599,7,485.23,0.6 BSA PEG,PEG,True,0.6,True,1,none,,high,,336,False,0.6,BSA,PEG,True,none,1,False,high,False,485.23,2,False,False,control,0.6_BSA_PEG_control_r1
0.6 BACK/BSA/2 hrs/PXL_20260827_131406069.jpg,0.6,BSA,2.0,2026-08-27 13:14:06.069,8,9.47,0.6 BSA PEG,PEG,True,0.6,True,3,none,,high,,337,False,0.6,BSA,PEG,True,none,2,False,high,True,9.47,2,False,False,control,0.6_BSA_PEG_control_r2
0.6 BACK/BSA/2 hrs/PXL_20260827_131418072.jpg,0.6,BSA,2.0,2026-08-27 13:14:18.072,9,12.003,0.6 BSA PEG,PEG,True,0.6,True,3,none,,high,same sample/pattern as 0214,338,False,0.6,BSA,PEG,True,none,3,False,high,False,12.003,2,False,False,control,0.6_BSA_PEG_control_r3
0.6 BACK/BSA/2 hrs/PXL_20260827_131449708.jpg,0.6,BSA,2.0,2026-08-27 13:14:49.708,10,31.636,0.6 BSA COOH,COOH,True,0.6,True,1,none,,high,,339,False,0.6,BSA,COOH,True,none,1,False,high,False,31.636,2,False,False,control,0.6_BSA_COOH_control_r1
0.6 BACK/BSA/2 hrs/PXL_20260827_131459886.jpg,0.6,BSA,2.0,2026-08-27 13:14:59.886,11,10.178,0.6 BSA COOH,COOH,True,0.6,True,2,none,,low,"two rows fairly close together, borderline 2-vs-3",340,False,0.6,BSA,COOH,True,none,2,False,high,False,10.178,2,False,True,control,0.6_BSA_COOH_control_r2
0.6 BACK/BSA/2 hrs/PXL_20260827_131512759.jpg,0.6,BSA,2.0,2026-08-27 13:15:12.759,12,12.873,0.6 BSA COOH,COOH,True,0.6,True,3,none,,low,"thin top row plus 2 thick rows; top row faint, borderline 2-vs-3",341,False,0.6,BSA,COOH,True,none,3,False,high,False,12.873,2,False,True,control,0.6_BSA_COOH_control_r3
0.6 BACK/BSA/3 hrs/PXL_20260827_140621260.jpg,0.6,BSA,3.0,2026-08-27 14:06:21.260,1,,0.6 BSA PEG,PEG,True,0.6,False,1,present,large,high,,342,False,0.6,BSA,PEG,False,present,1,False,high,False,,1,False,False,magnet,0.6_BSA_PEG_magnet_r1
0.6 BACK/BSA/3 hrs/PXL_20260827_140641337.jpg,0.6,BSA,3.0,2026-08-27 14:06:41.337,2,20.077,0.6 BSA PEG,PEG,True,0.6,False,2,present,large,high,,343,False,0.6,BSA,PEG,False,present,2,False,high,False,20.077,1,False,False,magnet,0.6_BSA_PEG_magnet_r2
0.6 BACK/BSA/3 hrs/PXL_20260827_140703445.jpg,0.6,BSA,3.0,2026-08-27 14:07:03.445,3,22.108,0.6 BSA PEG,PEG,True,0.6,False,3,present,large,high,,344,False,0.6,BSA,PEG,False,present,3,False,high,False,22.108,1,False,False,magnet,0.6_BSA_PEG_magnet_r3
0.6 BACK/BSA/3 hrs/PXL_20260827_140734877.jpg,0.6,BSA,3.0,2026-08-27 14:07:34.877,4,31.432,0.6 BSA COOH,COOH,True,0.6,False,1,present,large,high,single dashed/blobby row,345,False,0.6,BSA,COOH,False,present,1,False,high,False,31.432,1,False,False,magnet,0.6_BSA_COOH_magnet_r1
0.6 BACK/BSA/3 hrs/PXL_20260827_140755390.jpg,0.6,BSA,3.0,2026-08-27 14:07:55.390,5,20.513,0.6 BSA COOH,COOH,True,0.6,False,3,present,large,low,"thin top row plus 2 thick rows; top row faint, borderline 2-vs-3",346,False,0.6,BSA,COOH,False,present,2,False,low,True,20.513,1,False,True,magnet,0.6_BSA_COOH_magnet_r2
0.6 BACK/BSA/3 hrs/PXL_20260827_140819355.jpg,0.6,BSA,3.0,2026-08-27 14:08:19.355,6,23.965,0.6 BSA COOH,COOH,True,0.6,False,3,present,large,low,same sample/pattern as 0223,347,False,0.6,BSA,COOH,False,present,3,False,low,False,23.965,1,False,True,magnet,0.6_BSA_COOH_magnet_r3
0.6 BACK/BSA/3 hrs/PXL_20260827_141649696.jpg,0.6,BSA,3.0,2026-08-27 14:16:49.696,7,510.341,0.6 BSA PEG,PEG,True,0.6,True,1,none,,high,,348,False,0.6,BSA,PEG,True,none,1,False,high,False,510.341,2,False,False,control,0.6_BSA_PEG_control_r1
0.6 BACK/BSA/3 hrs/PXL_20260827_141701856.jpg,0.6,BSA,3.0,2026-08-27 14:17:01.856,8,12.16,0.6 BSA PEG,PEG,True,0.6,True,3,none,,high,,349,False,0.6,BSA,PEG,True,none,2,False,high,True,12.16,2,False,False,control,0.6_BSA_PEG_control_r2
0.6 BACK/BSA/3 hrs/PXL_20260827_141715388.jpg,0.6,BSA,3.0,2026-08-27 14:17:15.388,9,13.532,0.6 BSA PEG,PEG,True,0.6,True,3,none,,high,same sample/pattern as 0226,350,False,0.6,BSA,PEG,True,none,3,False,high,False,13.532,2,False,False,control,0.6_BSA_PEG_control_r3
0.6 BACK/BSA/3 hrs/PXL_20260827_141754017.jpg,0.6,BSA,3.0,2026-08-27 14:17:54.017,10,38.629,0.6 BSA COOH,COOH,True,0.6,True,1,none,,high,,351,False,0.6,BSA,COOH,True,none,1,False,high,False,38.629,2,False,False,control,0.6_BSA_COOH_control_r1
0.6 BACK/BSA/3 hrs/PXL_20260827_141828121.jpg,0.6,BSA,3.0,2026-08-27 14:18:28.121,11,34.104,0.6 BSA COOH,COOH,True,0.6,True,3,none,,low,"control mark messy; thin top plus 2 thick tally rows, borderline 2-vs-3",352,False,0.6,BSA,COOH,True,none,2,False,high,True,34.104,2,False,True,control,0.6_BSA_COOH_control_r2
0.6 BACK/BSA/3 hrs/PXL_20260827_141848981.jpg,0.6,BSA,3.0,2026-08-27 14:18:48.981,12,20.86,0.6 BSA COOH,COOH,True,0.6,True,3,none,,high,same sample/pattern as 0229,353,False,0.6,BSA,COOH,True,none,3,False,high,False,20.86,2,False,False,control,0.6_BSA_COOH_control_r3
0.6 BACK/BSA/4 hrs/PXL_20260827_150314744.jpg,0.6,BSA,4.0,2026-08-27 15:03:14.744,1,,0.6 BSA PEG,PEG,True,0.6,False,1,present,large,high,,354,False,0.6,BSA,PEG,False,present,1,False,high,False,,1,False,False,magnet,0.6_BSA_PEG_magnet_r1
0.6 BACK/BSA/4 hrs/PXL_20260827_150334569.jpg,0.6,BSA,4.0,2026-08-27 15:03:34.569,2,19.825,0.6 BSA PEG,PEG,True,0.6,False,2,present,large,high,,355,False,0.6,BSA,PEG,False,present,2,False,high,False,19.825,1,False,False,magnet,0.6_BSA_PEG_magnet_r2
0.6 BACK/BSA/4 hrs/PXL_20260827_150348378.jpg,0.6,BSA,4.0,2026-08-27 15:03:48.378,3,13.809,0.6 BSA PEG,PEG,True,0.6,False,3,present,large,high,,356,False,0.6,BSA,PEG,False,present,3,False,high,False,13.809,1,False,False,magnet,0.6_BSA_PEG_magnet_r3
0.6 BACK/BSA/4 hrs/PXL_20260827_150414044.jpg,0.6,BSA,4.0,2026-08-27 15:04:14.044,4,25.666,0.6 BSA COOH,COOH,True,0.6,False,1,present,large,high,single dashed/blobby row,357,False,0.6,BSA,COOH,False,present,1,False,high,False,25.666,1,False,False,magnet,0.6_BSA_COOH_magnet_r1
0.6 BACK/BSA/4 hrs/PXL_20260827_150422378.jpg,0.6,BSA,4.0,2026-08-27 15:04:22.378,5,8.334,0.6 BSA COOH,COOH,True,0.6,False,3,present,large,low,"thin top row plus 2 thick rows; top row faint, borderline 2-vs-3",358,False,0.6,BSA,COOH,False,present,2,False,high,True,8.334,1,False,True,magnet,0.6_BSA_COOH_magnet_r2
0.6 BACK/BSA/4 hrs/PXL_20260827_150436900.jpg,0.6,BSA,4.0,2026-08-27 15:04:36.900,6,14.522,0.6 BSA COOH,COOH,True,0.6,False,3,present,large,low,same sample/pattern as 0235,359,False,0.6,BSA,COOH,False,present,3,False,high,False,14.522,1,False,True,magnet,0.6_BSA_COOH_magnet_r3
0.6 BACK/BSA/4 hrs/PXL_20260827_151522132.jpg,0.6,BSA,4.0,2026-08-27 15:15:22.132,7,645.232,0.6 BSA PEG,PEG,True,0.6,True,1,none,,high,,360,False,0.6,BSA,PEG,True,none,1,False,high,False,645.232,2,False,False,control,0.6_BSA_PEG_control_r1
0.6 BACK/BSA/4 hrs/PXL_20260827_151539889.jpg,0.6,BSA,4.0,2026-08-27 15:15:39.889,8,17.757,0.6 BSA PEG,PEG,True,0.6,True,3,none,,high,,361,False,0.6,BSA,PEG,True,none,2,False,high,True,17.757,2,False,False,control,0.6_BSA_PEG_control_r2
0.6 BACK/BSA/4 hrs/PXL_20260827_151555290.jpg,0.6,BSA,4.0,2026-08-27 15:15:55.290,9,15.401,0.6 BSA PEG,PEG,True,0.6,True,3,none,,high,same sample/pattern as 0238,362,False,0.6,BSA,PEG,True,none,3,False,high,False,15.401,2,False,False,control,0.6_BSA_PEG_control_r3
0.6 BACK/BSA/4 hrs/PXL_20260827_151712131.jpg,0.6,BSA,4.0,2026-08-27 15:17:12.131,10,76.841,0.6 BSA COOH,COOH,True,0.6,True,3,none,,high,,363,False,0.6,BSA,COOH,True,none,2,False,high,True,76.841,2,False,False,control,0.6_BSA_COOH_control_r2
0.6 BACK/BSA/4 hrs/PXL_20260827_151728764.jpg,0.6,BSA,4.0,2026-08-27 15:17:28.764,11,16.633,0.6 BSA COOH,COOH,True,0.6,True,3,none,,high,,364,False,0.6,BSA,COOH,True,none,3,False,high,False,16.633,2,False,False,control,0.6_BSA_COOH_control_r3
0.6 BACK/BSA/4 hrs/PXL_20260827_152937207.jpg,0.6,BSA,4.0,2026-08-27 15:29:37.207,12,728.443,0.6 BSA COOH,COOH,True,0.6,True,2,none,,low,only 2 tally rows visible but spacing suggests could be miscounted vs 3,365,False,0.6,BSA,COOH,True,none,1,False,high,True,728.443,3,False,True,control,0.6_BSA_COOH_control_r1
0.6 BACK/BSA/5 hrs/PXL_20260827_160545935.jpg,0.6,BSA,5.0,2026-08-27 16:05:45.935,1,,0.6 BSA PEG,PEG,True,0.6,False,1,present,large,high,"sticker leading 0 torn off, inferred from consistent pattern",366,False,0.6,BSA,PEG,False,present,1,False,high,False,,1,False,False,magnet,0.6_BSA_PEG_magnet_r1
0.6 BACK/BSA/5 hrs/PXL_20260827_160556728.jpg,0.6,BSA,5.0,2026-08-27 16:05:56.728,2,10.793,0.6 BSA PEG,PEG,True,0.6,False,2,present,large,high,"sticker leading 0 torn off, inferred",367,False,0.6,BSA,PEG,False,present,2,False,high,False,10.793,1,False,False,magnet,0.6_BSA_PEG_magnet_r2
0.6 BACK/BSA/5 hrs/PXL_20260827_160620482.jpg,0.6,BSA,5.0,2026-08-27 16:06:20.482,3,23.754,0.6 BSA PEG,PEG,True,0.6,False,3,present,large,low,"3 tally rows drawn tightly together, sticker leading 0 torn off",368,False,0.6,BSA,PEG,False,present,3,False,high,False,23.754,1,False,True,magnet,0.6_BSA_PEG_magnet_r3
0.6 BACK/BSA/5 hrs/PXL_20260827_160647426.jpg,0.6,BSA,5.0,2026-08-27 16:06:47.426,4,26.944,0.6 BSA COOH,COOH,True,0.6,False,1,present,large,high,,369,False,0.6,BSA,COOH,False,present,1,False,high,False,26.944,1,False,False,magnet,0.6_BSA_COOH_magnet_r1
0.6 BACK/BSA/5 hrs/PXL_20260827_160700003.jpg,0.6,BSA,5.0,2026-08-27 16:07:00.003,5,12.577,0.6 BSA COOH,COOH,True,0.6,False,3,present,large,low,3 tally rows drawn tightly together,370,False,0.6,BSA,COOH,False,present,2,False,high,True,12.577,1,False,True,magnet,0.6_BSA_COOH_magnet_r2
0.6 BACK/BSA/5 hrs/PXL_20260827_160719359.jpg,0.6,BSA,5.0,2026-08-27 16:07:19.359,6,19.356,0.6 BSA COOH,COOH,True,0.6,False,3,present,large,low,"rows compressed, torn between 2 and 3",371,False,0.6,BSA,COOH,False,present,3,False,high,False,19.356,1,False,True,magnet,0.6_BSA_COOH_magnet_r3
0.6 BACK/BSA/5 hrs/PXL_20260827_162054615.jpg,0.6,BSA,5.0,2026-08-27 16:20:54.615,7,815.256,0.6 BSA COOH,COOH,True,0.6,True,3,none,,high,,372,False,0.6,BSA,PEG,True,none,2,False,low,True,815.256,2,False,False,control,0.6_BSA_PEG_control_r2
0.6 BACK/BSA/5 hrs/PXL_20260827_162107706.jpg,0.6,BSA,5.0,2026-08-27 16:21:07.706,8,13.091,0.6 BSA PEG,PEG,True,0.6,True,3,none,,high,,373,False,0.6,BSA,PEG,True,none,3,False,high,False,13.091,2,False,False,control,0.6_BSA_PEG_control_r3
0.6 BACK/BSA/5 hrs/PXL_20260827_162309920.jpg,0.6,BSA,5.0,2026-08-27 16:23:09.920,9,122.214,0.6 BSA PEG,PEG,True,0.6,True,1,none,,high,,374,False,0.6,BSA,PEG,True,none,1,False,high,False,122.214,2,False,False,control,0.6_BSA_PEG_control_r1
0.6 BACK/BSA/5 hrs/PXL_20260827_162358250.jpg,0.6,BSA,5.0,2026-08-27 16:23:58.250,10,48.33,0.6 BSA COOH,COOH,True,0.6,True,1,none,,high,,375,False,0.6,BSA,COOH,True,none,1,False,high,False,48.33,2,False,False,control,0.6_BSA_COOH_control_r1
0.6 BACK/BSA/5 hrs/PXL_20260827_162415010.jpg,0.6,BSA,5.0,2026-08-27 16:24:15.010,11,16.76,0.6 BSA COOH,COOH,True,0.6,True,3,none,,low,"second-tab mark looks like a messy 'A' rather than clean 'C', assumed control",376,False,0.6,BSA,COOH,True,none,2,False,high,True,16.76,2,False,True,control,0.6_BSA_COOH_control_r2
0.6 BACK/BSA/5 hrs/PXL_20260827_162434351.jpg,0.6,BSA,5.0,2026-08-27 16:24:34.351,12,19.341,0.6 BSA COOH,COOH,True,0.6,True,3,none,,high,,377,False,0.6,BSA,COOH,True,none,3,False,high,False,19.341,2,False,False,control,0.6_BSA_COOH_control_r3
0.6 BACK/BSA/6 hrs/PXL_20260827_170414491.jpg,0.6,BSA,6.0,2026-08-27 17:04:14.491,1,,0.6 BSA PEG,PEG,True,0.6,False,1,present,large,high,"sticker leading 0 torn off, inferred",378,False,0.6,BSA,PEG,False,present,1,False,high,False,,1,False,False,magnet,0.6_BSA_PEG_magnet_r1
0.6 BACK/BSA/6 hrs/PXL_20260827_170426866.jpg,0.6,BSA,6.0,2026-08-27 17:04:26.866,2,12.375,0.6 BSA PEG,PEG,True,0.6,False,2,present,large,high,"sticker leading 0 torn off, inferred",379,False,0.6,BSA,PEG,False,present,2,False,high,False,12.375,1,False,False,magnet,0.6_BSA_PEG_magnet_r2
0.6 BACK/BSA/6 hrs/PXL_20260827_170441670.jpg,0.6,BSA,6.0,2026-08-27 17:04:41.670,3,14.804,0.6 BSA PEG,PEG,True,0.6,False,3,present,large,high,"sticker leading 0 torn off, inferred",380,False,0.6,BSA,PEG,False,present,3,False,high,False,14.804,1,False,False,magnet,0.6_BSA_PEG_magnet_r3
0.6 BACK/BSA/6 hrs/PXL_20260827_170508886.jpg,0.6,BSA,6.0,2026-08-27 17:05:08.886,4,27.216,0.6 BSA COOH,COOH,True,0.6,False,1,present,large,high,,381,False,0.6,BSA,COOH,False,present,1,False,high,False,27.216,1,False,False,magnet,0.6_BSA_COOH_magnet_r1
0.6 BACK/BSA/6 hrs/PXL_20260827_170517201.jpg,0.6,BSA,6.0,2026-08-27 17:05:17.201,5,8.315,0.6 BSA COOH,COOH,True,0.6,False,2,present,large,low,"sticker corner torn, rows could be miscounted vs 3",382,False,0.6,BSA,COOH,False,present,2,False,high,False,8.315,1,False,True,magnet,0.6_BSA_COOH_magnet_r2
0.6 BACK/BSA/6 hrs/PXL_20260827_170534342.jpg,0.6,BSA,6.0,2026-08-27 17:05:34.342,6,17.141,0.6 BSA COOH,COOH,True,0.6,False,3,present,large,high,,383,False,0.6,BSA,COOH,False,present,3,False,high,False,17.141,1,False,False,magnet,0.6_BSA_COOH_magnet_r3
0.6 BACK/BSA/6 hrs/PXL_20260827_171658036.jpg,0.6,BSA,6.0,2026-08-27 17:16:58.036,7,683.694,0.6 BSA PEG,PEG,True,0.6,True,1,none,,high,,384,False,0.6,BSA,PEG,True,none,1,False,high,False,683.694,2,False,False,control,0.6_BSA_PEG_control_r1
0.6 BACK/BSA/6 hrs/PXL_20260827_171722746.jpg,0.6,BSA,6.0,2026-08-27 17:17:22.746,8,24.71,0.6 BSA PEG,PEG,True,0.6,True,3,none,,high,,385,False,0.6,BSA,PEG,True,none,2,False,high,True,24.71,2,False,False,control,0.6_BSA_PEG_control_r2
0.6 BACK/BSA/6 hrs/PXL_20260827_171739868.jpg,0.6,BSA,6.0,2026-08-27 17:17:39.868,9,17.122,0.6 BSA PEG,PEG,True,0.6,True,3,none,,high,,386,False,0.6,BSA,PEG,True,none,3,False,high,False,17.122,2,False,False,control,0.6_BSA_PEG_control_r3
0.6 BACK/BSA/6 hrs/PXL_20260827_171834252.jpg,0.6,BSA,6.0,2026-08-27 17:18:34.252,10,54.384,0.6 BSA COOH,COOH,True,0.6,True,3,none,,low,"second-tab mark looks like a messy 'A' rather than clean 'C', assumed control",387,False,0.6,BSA,COOH,True,none,2,False,high,True,54.384,2,False,True,control,0.6_BSA_COOH_control_r2
0.6 BACK/BSA/6 hrs/PXL_20260827_171900683.jpg,0.6,BSA,6.0,2026-08-27 17:19:00.683,11,26.431,0.6 BSA COOH,COOH,True,0.6,True,1,none,,high,,388,False,0.6,BSA,COOH,True,none,1,False,high,False,26.431,2,False,False,control,0.6_BSA_COOH_control_r1
0.6 BACK/BSA/6 hrs/PXL_20260827_171923448.jpg,0.6,BSA,6.0,2026-08-27 17:19:23.448,12,22.765,0.6 BSA COOH,COOH,True,0.6,True,3,none,,high,,389,False,0.6,BSA,COOH,True,none,3,False,high,False,22.765,2,False,False,control,0.6_BSA_COOH_control_r3
0.6 BACK/BSA/7.5 hrs/PXL_20260827_183735151.jpg,0.6,BSA,7.5,2026-08-27 18:37:35.151,1,,0.6 BSA PEG,PEG,True,0.6,False,1,present,large,high,"sticker leading 0 torn off, inferred",390,False,0.6,BSA,PEG,False,present,1,False,high,False,,1,False,False,magnet,0.6_BSA_PEG_magnet_r1
0.6 BACK/BSA/7.5 hrs/PXL_20260827_183756833.jpg,0.6,BSA,7.5,2026-08-27 18:37:56.833,2,21.682,0.6 BSA PEG,PEG,True,0.6,False,2,present,large,high,"sticker leading 0 torn off, inferred",391,False,0.6,BSA,PEG,False,present,2,False,high,False,21.682,1,False,False,magnet,0.6_BSA_PEG_magnet_r2
0.6 BACK/BSA/7.5 hrs/PXL_20260827_183821749.jpg,0.6,BSA,7.5,2026-08-27 18:38:21.749,3,24.916,0.6 BSA PEG,PEG,True,0.6,False,3,present,large,high,"sticker leading 0 torn off, inferred",392,False,0.6,BSA,PEG,False,present,3,False,high,False,24.916,1,False,False,magnet,0.6_BSA_PEG_magnet_r3
0.6 BACK/BSA/7.5 hrs/PXL_20260827_183856374.jpg,0.6,BSA,7.5,2026-08-27 18:38:56.374,4,34.625,0.6 BSA COOH,COOH,True,0.6,False,1,present,large,high,,393,False,0.6,BSA,COOH,False,present,1,False,high,False,34.625,1,False,False,magnet,0.6_BSA_COOH_magnet_r1
0.6 BACK/BSA/7.5 hrs/PXL_20260827_183916189.jpg,0.6,BSA,7.5,2026-08-27 18:39:16.189,5,19.815,0.6 BSA COOH,COOH,True,0.6,False,2,present,large,high,,394,False,0.6,BSA,COOH,False,present,2,False,high,False,19.815,1,False,False,magnet,0.6_BSA_COOH_magnet_r2
0.6 BACK/BSA/7.5 hrs/PXL_20260827_183926299.jpg,0.6,BSA,7.5,2026-08-27 18:39:26.299,6,10.11,0.6 BSA COOH,COOH,True,0.6,False,3,present,large,high,,395,False,0.6,BSA,COOH,False,present,3,False,high,False,10.11,1,False,False,magnet,0.6_BSA_COOH_magnet_r3
0.6 BACK/BSA/7.5 hrs/PXL_20260827_185057116.jpg,0.6,BSA,7.5,2026-08-27 18:50:57.116,7,690.817,0.6 BSA PEG,PEG,True,0.6,True,1,none,,high,,396,False,0.6,BSA,PEG,True,none,1,False,high,False,690.817,2,False,False,control,0.6_BSA_PEG_control_r1
0.6 BACK/BSA/7.5 hrs/PXL_20260827_185112846.jpg,0.6,BSA,7.5,2026-08-27 18:51:12.846,8,15.73,0.6 BSA PEG,PEG,True,0.6,True,3,none,,high,,397,False,0.6,BSA,PEG,True,none,2,False,high,True,15.73,2,False,False,control,0.6_BSA_PEG_control_r2
0.6 BACK/BSA/7.5 hrs/PXL_20260827_185129607.jpg,0.6,BSA,7.5,2026-08-27 18:51:29.607,9,16.761,0.6 BSA PEG,PEG,True,0.6,True,3,none,,high,,398,False,0.6,BSA,PEG,True,none,3,False,high,False,16.761,2,False,False,control,0.6_BSA_PEG_control_r3
0.6 BACK/BSA/7.5 hrs/PXL_20260827_185224090.jpg,0.6,BSA,7.5,2026-08-27 18:52:24.090,10,54.483,0.6 BSA COOH,COOH,True,0.6,True,1,none,,high,,399,False,0.6,BSA,COOH,True,none,1,False,high,False,54.483,2,False,False,control,0.6_BSA_COOH_control_r1
0.6 BACK/BSA/7.5 hrs/PXL_20260827_185240007.jpg,0.6,BSA,7.5,2026-08-27 18:52:40.007,11,15.917,0.6 BSA COOH,COOH,True,0.6,True,3,none,,low,both tab marks messy/blurred - tally rows and control letter both uncertain,400,False,0.6,BSA,COOH,True,none,2,False,high,True,15.917,2,False,True,control,0.6_BSA_COOH_control_r2
0.6 BACK/BSA/7.5 hrs/PXL_20260827_185301146.jpg,0.6,BSA,7.5,2026-08-27 18:53:01.146,12,21.139,0.6 BSA COOH,COOH,True,0.6,True,3,none,,high,,401,False,0.6,BSA,COOH,True,none,3,False,high,False,21.139,2,False,False,control,0.6_BSA_COOH_control_r3
0.6 BACK/BSA/9 hrs/PXL_20260827_200527860.jpg,0.6,BSA,9.0,2026-08-27 20:05:27.860,1,,0.6 BSA PEG,PEG,True,0.6,False,1,present,large,high,"sticker leading 0 torn off, inferred",402,False,0.6,BSA,PEG,False,present,1,False,high,False,,1,False,False,magnet,0.6_BSA_PEG_magnet_r1
0.6 BACK/BSA/9 hrs/PXL_20260827_200543526.jpg,0.6,BSA,9.0,2026-08-27 20:05:43.526,2,15.666,0.6 BSA PEG,PEG,True,0.6,False,2,present,large,high,,403,False,0.6,BSA,PEG,False,present,2,False,high,False,15.666,1,False,False,magnet,0.6_BSA_PEG_magnet_r2
0.6 BACK/BSA/9 hrs/PXL_20260827_200554417.jpg,0.6,BSA,9.0,2026-08-27 20:05:54.417,3,10.891,0.6 BSA PEG,PEG,True,0.6,False,3,present,large,high,,404,False,0.6,BSA,PEG,False,present,3,False,high,False,10.891,1,False,False,magnet,0.6_BSA_PEG_magnet_r3
0.6 BACK/BSA/9 hrs/PXL_20260827_200653928.jpg,0.6,BSA,9.0,2026-08-27 20:06:53.928,4,59.511,0.6 BSA COOH,COOH,True,0.6,False,1,present,large,high,"tally is a single dense blob, verified via zoomed crop as one row",405,False,0.6,BSA,COOH,False,present,1,False,high,False,59.511,1,False,False,magnet,0.6_BSA_COOH_magnet_r1
0.6 BACK/BSA/9 hrs/PXL_20260827_200713087.jpg,0.6,BSA,9.0,2026-08-27 20:07:13.087,5,19.159,0.6 BSA COOH,COOH,True,0.6,False,3,present,large,high,,406,False,0.6,BSA,COOH,False,present,2,False,high,True,19.159,1,False,False,magnet,0.6_BSA_COOH_magnet_r2
0.6 BACK/BSA/9 hrs/PXL_20260827_200722614.jpg,0.6,BSA,9.0,2026-08-27 20:07:22.614,6,9.527,0.6 BSA COOH,COOH,True,0.6,False,3,present,large,high,same tally count as 0283 (two consecutive COOH tally-3 magnet photos),407,False,0.6,BSA,COOH,False,present,3,False,high,False,9.527,1,False,False,magnet,0.6_BSA_COOH_magnet_r3
0.6 BACK/BSA/9 hrs/PXL_20260827_201638697.jpg,0.6,BSA,9.0,2026-08-27 20:16:38.697,7,556.083,0.6 BSA PEG,PEG,True,0.6,True,1,none,,high,,408,False,0.6,BSA,PEG,True,none,1,False,high,False,556.083,2,False,False,control,0.6_BSA_PEG_control_r1
0.6 BACK/BSA/9 hrs/PXL_20260827_201656196.jpg,0.6,BSA,9.0,2026-08-27 20:16:56.196,8,17.499,0.6 BSA PEG,PEG,True,0.6,True,2,none,,high,rows tightly spaced; confirmed count 2 via zoomed crop,409,False,0.6,BSA,PEG,True,none,2,False,high,False,17.499,2,False,False,control,0.6_BSA_PEG_control_r2
0.6 BACK/BSA/9 hrs/PXL_20260827_201711499.jpg,0.6,BSA,9.0,2026-08-27 20:17:11.499,9,15.303,0.6 BSA PEG,PEG,True,0.6,True,3,none,,high,rows tightly spaced; confirmed count 3 via zoomed crop,410,False,0.6,BSA,PEG,True,none,3,False,high,False,15.303,2,False,False,control,0.6_BSA_PEG_control_r3
0.6 BACK/BSA/9 hrs/PXL_20260827_201803743.jpg,0.6,BSA,9.0,2026-08-27 20:18:03.743,10,52.244,0.6 BSA COOH,COOH,True,0.6,True,1,none,,high,,411,False,0.6,BSA,COOH,True,none,1,False,high,False,52.244,2,False,False,control,0.6_BSA_COOH_control_r1
0.6 BACK/BSA/9 hrs/PXL_20260827_201832393.jpg,0.6,BSA,9.0,2026-08-27 20:18:32.393,11,28.65,0.6 BSA COOH,COOH,True,0.6,True,2,none,,high,rows tightly spaced; confirmed count 2 via zoomed crop,412,False,0.6,BSA,COOH,True,none,2,False,high,False,28.65,2,False,False,control,0.6_BSA_COOH_control_r2
0.6 BACK/BSA/9 hrs/PXL_20260827_201908588.jpg,0.6,BSA,9.0,2026-08-27 20:19:08.588,12,36.195,0.6 BSA COOH,COOH,True,0.6,True,3,none,,high,rows tightly spaced; confirmed count 3 via zoomed crop,413,False,0.6,BSA,COOH,True,none,3,False,high,False,36.195,2,False,False,control,0.6_BSA_COOH_control_r3
0.6 BACK/BSA/10.5 hrs/PXL_20260827_213400683.jpg,0.6,BSA,10.5,2026-08-27 21:34:00.683,1,,0.6 BSA PEG,PEG,True,0.6,False,1,present,large,high,,414,False,0.6,BSA,PEG,False,present,1,False,high,False,,1,False,False,magnet,0.6_BSA_PEG_magnet_r1
0.6 BACK/BSA/10.5 hrs/PXL_20260827_213411865.jpg,0.6,BSA,10.5,2026-08-27 21:34:11.865,2,11.182,0.6 BSA PEG,PEG,True,0.6,False,2,present,large,high,,415,False,0.6,BSA,PEG,False,present,2,False,high,False,11.182,1,False,False,magnet,0.6_BSA_PEG_magnet_r2
0.6 BACK/BSA/10.5 hrs/PXL_20260827_213424339.jpg,0.6,BSA,10.5,2026-08-27 21:34:24.339,3,12.474,0.6 BSA PEG,PEG,True,0.6,False,3,present,large,high,,416,False,0.6,BSA,PEG,False,present,3,False,high,False,12.474,1,False,False,magnet,0.6_BSA_PEG_magnet_r3
0.6 BACK/BSA/10.5 hrs/PXL_20260827_213446676.jpg,0.6,BSA,10.5,2026-08-27 21:34:46.676,4,22.337,0.6 BSA COOH,COOH,True,0.6,False,1,present,large,high,"tally is a single dense blob, verified via zoomed crop as one row",417,False,0.6,BSA,COOH,False,present,1,False,high,False,22.337,1,False,False,magnet,0.6_BSA_COOH_magnet_r1
0.6 BACK/BSA/10.5 hrs/PXL_20260827_213525211.jpg,0.6,BSA,10.5,2026-08-27 21:35:25.211,5,38.535,0.6 BSA COOH,COOH,True,0.6,False,2,present,large,high,,418,False,0.6,BSA,COOH,False,present,2,False,high,False,38.535,1,False,False,magnet,0.6_BSA_COOH_magnet_r2
0.6 BACK/BSA/10.5 hrs/PXL_20260827_213610316.jpg,0.6,BSA,10.5,2026-08-27 21:36:10.316,6,45.105,0.6 BSA COOH,COOH,True,0.6,False,3,present,large,high,,419,False,0.6,BSA,COOH,False,present,3,False,high,False,45.105,1,False,False,magnet,0.6_BSA_COOH_magnet_r3
0.6 BACK/BSA/10.5 hrs/PXL_20260827_214447427.jpg,0.6,BSA,10.5,2026-08-27 21:44:47.427,7,517.111,0.6 BSA PEG,PEG,True,0.6,True,1,none,,high,,420,False,0.6,BSA,PEG,True,none,1,False,high,False,517.111,2,False,False,control,0.6_BSA_PEG_control_r1
0.6 BACK/BSA/10.5 hrs/PXL_20260827_214505733.jpg,0.6,BSA,10.5,2026-08-27 21:45:05.733,8,18.306,0.6 BSA PEG,PEG,True,0.6,True,2,none,,high,rows tightly spaced; confirmed count 2 via zoomed crop,421,False,0.6,BSA,PEG,True,none,2,False,high,False,18.306,2,False,False,control,0.6_BSA_PEG_control_r2
0.6 BACK/BSA/10.5 hrs/PXL_20260827_214520684.jpg,0.6,BSA,10.5,2026-08-27 21:45:20.684,9,14.951,0.6 BSA PEG,PEG,True,0.6,True,3,none,,high,rows tightly spaced; confirmed count 3 via zoomed crop,422,False,0.6,BSA,PEG,True,none,3,False,high,False,14.951,2,False,False,control,0.6_BSA_PEG_control_r3
0.6 BACK/BSA/10.5 hrs/PXL_20260827_214554803.jpg,0.6,BSA,10.5,2026-08-27 21:45:54.803,10,34.119,0.6 BSA COOH,COOH,True,0.6,True,1,none,,high,,423,False,0.6,BSA,COOH,True,none,1,False,high,False,34.119,2,False,False,control,0.6_BSA_COOH_control_r1
0.6 BACK/BSA/10.5 hrs/PXL_20260827_214608647.jpg,0.6,BSA,10.5,2026-08-27 21:46:08.647,11,13.844,0.6 BSA COOH,COOH,True,0.6,True,2,none,,high,rows tightly spaced; confirmed count 2 via zoomed crop,424,False,0.6,BSA,COOH,True,none,2,False,high,False,13.844,2,False,False,control,0.6_BSA_COOH_control_r2
0.6 BACK/BSA/10.5 hrs/PXL_20260827_214628600.jpg,0.6,BSA,10.5,2026-08-27 21:46:28.600,12,19.953,0.6 BSA COOH,COOH,True,0.6,True,3,none,,high,rows tightly spaced; confirmed count 3 via zoomed crop,425,False,0.6,BSA,COOH,True,none,3,False,high,False,19.953,2,False,False,control,0.6_BSA_COOH_control_r3
0.6 BACK/BSA/12 hrs/PXL_20260827_225518964.jpg,0.6,BSA,12.0,2026-08-27 22:55:18.964,1,,0.6 BSA PEG,PEG,True,0.6,False,1,present,large,high,tally is a single dense blob,426,False,0.6,BSA,PEG,False,present,1,False,high,False,,1,False,False,magnet,0.6_BSA_PEG_magnet_r1
0.6 BACK/BSA/12 hrs/PXL_20260827_225525811.jpg,0.6,BSA,12.0,2026-08-27 22:55:25.811,2,6.847,0.6 BSA PEG,PEG,True,0.6,False,2,present,large,high,,427,False,0.6,BSA,PEG,False,present,2,False,high,False,6.847,1,False,False,magnet,0.6_BSA_PEG_magnet_r2
0.6 BACK/BSA/12 hrs/PXL_20260827_225543865.jpg,0.6,BSA,12.0,2026-08-27 22:55:43.865,3,18.054,0.6 BSA PEG,PEG,True,0.6,False,3,present,large,high,,428,False,0.6,BSA,PEG,False,present,3,False,high,False,18.054,1,False,False,magnet,0.6_BSA_PEG_magnet_r3
0.6 BACK/BSA/12 hrs/PXL_20260827_225611121.jpg,0.6,BSA,12.0,2026-08-27 22:56:11.121,4,27.256,0.6 BSA COOH,COOH,True,0.6,False,1,present,large,high,tally is a single dense blob,429,False,0.6,BSA,COOH,False,present,1,False,high,False,27.256,1,False,False,magnet,0.6_BSA_COOH_magnet_r1
0.6 BACK/BSA/12 hrs/PXL_20260827_225619144.jpg,0.6,BSA,12.0,2026-08-27 22:56:19.144,5,8.023,0.6 BSA COOH,COOH,True,0.6,False,2,present,large,high,confirmed count 2 via zoomed crop,430,False,0.6,BSA,COOH,False,present,2,False,high,False,8.023,1,False,False,magnet,0.6_BSA_COOH_magnet_r2
0.6 BACK/BSA/12 hrs/PXL_20260827_225636662.jpg,0.6,BSA,12.0,2026-08-27 22:56:36.662,6,17.518,0.6 BSA COOH,COOH,True,0.6,False,3,present,large,high,"confirmed count 3 via zoomed crop (rows tight, initial glance suggested fewer)",431,False,0.6,BSA,COOH,False,present,3,False,high,False,17.518,1,False,False,magnet,0.6_BSA_COOH_magnet_r3
0.6 BACK/BSA/12 hrs/PXL_20260827_230735375.jpg,0.6,BSA,12.0,2026-08-27 23:07:35.375,7,658.713,0.6 BSA PEG,PEG,True,0.6,True,1,none,,high,,432,False,0.6,BSA,PEG,True,none,1,False,high,False,658.713,2,False,False,control,0.6_BSA_PEG_control_r1
0.6 BACK/BSA/12 hrs/PXL_20260827_230748327.jpg,0.6,BSA,12.0,2026-08-27 23:07:48.327,8,12.952,0.6 BSA PEG,PEG,True,0.6,True,2,none,,high,rows tightly spaced; confirmed count 2 via zoomed crop,433,False,0.6,BSA,PEG,True,none,2,False,high,False,12.952,2,False,False,control,0.6_BSA_PEG_control_r2
0.6 BACK/BSA/12 hrs/PXL_20260827_230802688.jpg,0.6,BSA,12.0,2026-08-27 23:08:02.688,9,14.361,0.6 BSA PEG,PEG,True,0.6,True,3,none,,high,rows tightly spaced; confirmed count 3 via zoomed crop,434,False,0.6,BSA,PEG,True,none,3,False,high,False,14.361,2,False,False,control,0.6_BSA_PEG_control_r3
0.6 BACK/BSA/12 hrs/PXL_20260827_230830499.jpg,0.6,BSA,12.0,2026-08-27 23:08:30.499,10,27.811,0.6 BSA COOH,COOH,True,0.6,True,1,none,,high,,435,False,0.6,BSA,COOH,True,none,1,False,high,False,27.811,2,False,False,control,0.6_BSA_COOH_control_r1
0.6 BACK/BSA/12 hrs/PXL_20260827_230843627.jpg,0.6,BSA,12.0,2026-08-27 23:08:43.627,11,13.128,0.6 BSA COOH,COOH,True,0.6,True,2,none,,high,rows tightly spaced; confirmed count 2 via zoomed crop,436,False,0.6,BSA,COOH,True,none,2,False,high,False,13.128,2,False,False,control,0.6_BSA_COOH_control_r2
0.6 BACK/BSA/12 hrs/PXL_20260827_230859853.jpg,0.6,BSA,12.0,2026-08-27 23:08:59.853,12,16.226,0.6 BSA COOH,COOH,True,0.6,True,3,none,,high,rows tightly spaced; confirmed count 3 via zoomed crop,437,False,0.6,BSA,COOH,True,none,3,False,high,False,16.226,2,False,False,control,0.6_BSA_COOH_control_r3
0.6 BACK/BSA/21.5 hrs/PXL_20260828_083506576.jpg,0.6,BSA,21.5,2026-08-28 08:35:06.576,1,,0.6 BSA PEG,PEG,True,0.6,False,1,present,small,high,"different rig: small magnet, cylinder diameter clearly less than block width",438,False,0.6,BSA,PEG,False,present,1,False,high,False,,1,False,False,magnet,0.6_BSA_PEG_magnet_r1
0.6 BACK/BSA/21.5 hrs/PXL_20260828_083536172.jpg,0.6,BSA,21.5,2026-08-28 08:35:36.172,2,29.596,0.6 BSA PEG,PEG,True,0.6,False,2,present,small,high,tally rows rendered as side-by-side vertical dash groups due to tab orientation,439,False,0.6,BSA,PEG,False,present,2,False,high,False,29.596,1,False,False,magnet,0.6_BSA_PEG_magnet_r2
0.6 BACK/BSA/21.5 hrs/PXL_20260828_083555150.jpg,0.6,BSA,21.5,2026-08-28 08:35:55.150,3,18.978,0.6 BSA PEG,PEG,True,0.6,False,3,present,small,high,tally rows rendered as side-by-side vertical dash groups due to tab orientation,440,False,0.6,BSA,PEG,False,present,3,False,high,False,18.978,1,False,False,magnet,0.6_BSA_PEG_magnet_r3
0.6 BACK/BSA/21.5 hrs/PXL_20260828_083710785.jpg,0.6,BSA,21.5,2026-08-28 08:37:10.785,4,75.635,0.6 BSA COOH,COOH,True,0.6,False,1,present,small,high,,441,False,0.6,BSA,COOH,False,present,1,False,high,False,75.635,1,False,False,magnet,0.6_BSA_COOH_magnet_r1
0.6 BACK/BSA/21.5 hrs/PXL_20260828_083726802.jpg,0.6,BSA,21.5,2026-08-28 08:37:26.802,5,16.017,0.6 BSA COOH,COOH,True,0.6,False,2,present,small,high,mark resembles letter H (two vertical dash groups joined by drip) = 2 rows,442,False,0.6,BSA,COOH,False,present,2,False,high,False,16.017,1,False,False,magnet,0.6_BSA_COOH_magnet_r2
0.6 BACK/BSA/21.5 hrs/PXL_20260828_083750174.jpg,0.6,BSA,21.5,2026-08-28 08:37:50.174,6,23.372,0.6 BSA COOH,COOH,True,0.6,False,3,present,large,high,,443,False,0.6,BSA,COOH,False,present,3,False,high,False,23.372,1,False,False,magnet,0.6_BSA_COOH_magnet_r3
0.6 BACK/BSA/21.5 hrs/PXL_20260828_085508060.jpg,0.6,BSA,21.5,2026-08-28 08:55:08.060,7,1037.886,0.6 BSA PEG,PEG,True,0.6,True,1,none,,high,,444,False,0.6,BSA,PEG,True,none,1,False,high,False,1037.886,2,False,False,control,0.6_BSA_PEG_control_r1
0.6 BACK/BSA/21.5 hrs/PXL_20260828_085521309.jpg,0.6,BSA,21.5,2026-08-28 08:55:21.309,8,13.249,0.6 BSA PEG,PEG,True,0.6,True,2,none,,high,,445,False,0.6,BSA,PEG,True,none,2,False,high,False,13.249,2,False,False,control,0.6_BSA_PEG_control_r2
0.6 BACK/BSA/21.5 hrs/PXL_20260828_085538300.jpg,0.6,BSA,21.5,2026-08-28 08:55:38.300,9,16.991,0.6 BSA PEG,PEG,True,0.6,True,3,none,,high,,446,False,0.6,BSA,PEG,True,none,3,False,high,False,16.991,2,False,False,control,0.6_BSA_PEG_control_r3
0.6 BACK/BSA/21.5 hrs/PXL_20260828_085618734.jpg,0.6,BSA,21.5,2026-08-28 08:56:18.734,10,40.434,0.6 BSA COOH,COOH,True,0.6,True,1,none,,high,,447,False,0.6,BSA,COOH,True,none,1,False,high,False,40.434,2,False,False,control,0.6_BSA_COOH_control_r1
0.6 BACK/BSA/21.5 hrs/PXL_20260828_085632100.jpg,0.6,BSA,21.5,2026-08-28 08:56:32.100,11,13.366,0.6 BSA COOH,COOH,True,0.6,True,2,none,,high,,448,False,0.6,BSA,COOH,True,none,2,False,high,False,13.366,2,False,False,control,0.6_BSA_COOH_control_r2
0.6 BACK/BSA/21.5 hrs/PXL_20260828_085648500.jpg,0.6,BSA,21.5,2026-08-28 08:56:48.500,12,16.4,0.6 BSA COOH,COOH,True,0.6,True,3,none,,high,,449,False,0.6,BSA,COOH,True,none,3,False,high,False,16.4,2,False,False,control,0.6_BSA_COOH_control_r3
0.6 BACK/NON BSA/0 hrs/PXL_20260827_111419374.jpg,0.6,non-BSA,0.0,2026-08-27 11:14:19.374,1,,0.4 PEG,PEG,False,0.4,False,1,none,,high,,450,False,0.6,non-BSA,PEG,False,none,1,False,high,False,,1,False,False,magnet,0.6_non-BSA_PEG_magnet_r1
0.6 BACK/NON BSA/0 hrs/PXL_20260827_111433063.jpg,0.6,non-BSA,0.0,2026-08-27 11:14:33.063,2,13.689,0.4 PEG,PEG,False,0.4,False,1,present,large,high,,451,False,0.6,non-BSA,PEG,False,present,1,False,high,False,13.689,1,False,False,magnet,0.6_non-BSA_PEG_magnet_r1
0.6 BACK/NON BSA/0 hrs/PXL_20260827_111449187.jpg,0.6,non-BSA,0.0,2026-08-27 11:14:49.187,3,16.124,0.4 PEG,PEG,False,0.4,False,2,none,,high,,452,False,0.6,non-BSA,PEG,False,none,2,False,high,False,16.124,1,False,False,magnet,0.6_non-BSA_PEG_magnet_r2
0.6 BACK/NON BSA/0 hrs/PXL_20260827_111507327.jpg,0.6,non-BSA,0.0,2026-08-27 11:15:07.327,4,18.14,0.4 PEG,PEG,False,0.4,False,2,present,large,high,,453,False,0.6,non-BSA,PEG,False,present,2,False,high,False,18.14,1,False,False,magnet,0.6_non-BSA_PEG_magnet_r2
0.6 BACK/NON BSA/0 hrs/PXL_20260827_111526950.jpg,0.6,non-BSA,0.0,2026-08-27 11:15:26.950,5,19.623,0.4 PEG,PEG,False,0.4,False,3,none,,high,,454,False,0.6,non-BSA,PEG,False,none,3,False,high,False,19.623,1,False,False,magnet,0.6_non-BSA_PEG_magnet_r3
0.6 BACK/NON BSA/0 hrs/PXL_20260827_111541319.jpg,0.6,non-BSA,0.0,2026-08-27 11:15:41.319,6,14.369,0.4 PEG,PEG,False,0.4,False,3,present,large,high,,455,False,0.6,non-BSA,PEG,False,present,3,False,high,False,14.369,1,False,False,magnet,0.6_non-BSA_PEG_magnet_r3
0.6 BACK/NON BSA/0 hrs/PXL_20260827_111605929.jpg,0.6,non-BSA,0.0,2026-08-27 11:16:05.929,7,24.61,0.6 COOH,COOH,False,0.6,False,1,none,,high,,456,False,0.6,non-BSA,COOH,False,none,1,False,high,False,24.61,1,False,False,magnet,0.6_non-BSA_COOH_magnet_r1
0.6 BACK/NON BSA/0 hrs/PXL_20260827_111623022.jpg,0.6,non-BSA,0.0,2026-08-27 11:16:23.022,8,17.093,0.6 COOH,COOH,False,0.6,False,1,present,large,high,,457,False,0.6,non-BSA,COOH,False,present,1,False,high,False,17.093,1,False,False,magnet,0.6_non-BSA_COOH_magnet_r1
0.6 BACK/NON BSA/0 hrs/PXL_20260827_111641350.jpg,0.6,non-BSA,0.0,2026-08-27 11:16:41.350,9,18.328,0.6 COOH,COOH,False,0.6,False,2,none,,high,,458,False,0.6,non-BSA,COOH,False,none,2,False,high,False,18.328,1,False,False,magnet,0.6_non-BSA_COOH_magnet_r2
0.6 BACK/NON BSA/0 hrs/PXL_20260827_111654296.jpg,0.6,non-BSA,0.0,2026-08-27 11:16:54.296,10,12.946,0.6 COOH,COOH,False,0.6,False,2,present,large,high,,459,False,0.6,non-BSA,COOH,False,present,2,False,high,False,12.946,1,False,False,magnet,0.6_non-BSA_COOH_magnet_r2
0.6 BACK/NON BSA/0 hrs/PXL_20260827_111707877.jpg,0.6,non-BSA,0.0,2026-08-27 11:17:07.877,11,13.581,0.6 COOH,COOH,False,0.6,False,3,none,,high,,460,False,0.6,non-BSA,COOH,False,none,3,False,high,False,13.581,1,False,False,magnet,0.6_non-BSA_COOH_magnet_r3
0.6 BACK/NON BSA/0 hrs/PXL_20260827_111719081.jpg,0.6,non-BSA,0.0,2026-08-27 11:17:19.081,12,11.204,0.6 COOH,COOH,False,0.6,False,3,present,large,high,,461,False,0.6,non-BSA,COOH,False,present,3,False,high,False,11.204,1,False,False,magnet,0.6_non-BSA_COOH_magnet_r3
0.6 BACK/NON BSA/0 hrs/PXL_20260827_112255829.jpg,0.6,non-BSA,0.0,2026-08-27 11:22:55.829,13,336.748,0.4 PEG,PEG,False,0.4,True,1,none,,high,control mark drawn as messy cursive C,462,False,0.6,non-BSA,PEG,True,none,1,False,high,False,336.748,2,False,False,control,0.6_non-BSA_PEG_control_r1
0.6 BACK/NON BSA/0 hrs/PXL_20260827_112306362.jpg,0.6,non-BSA,0.0,2026-08-27 11:23:06.362,14,10.533,0.4 PEG,PEG,False,0.4,True,2,none,,high,control mark drawn as messy cursive C,463,False,0.6,non-BSA,PEG,True,none,2,False,high,False,10.533,2,False,False,control,0.6_non-BSA_PEG_control_r2
0.6 BACK/NON BSA/0 hrs/PXL_20260827_112317339.jpg,0.6,non-BSA,0.0,2026-08-27 11:23:17.339,15,10.977,0.4 PEG,PEG,False,0.4,True,3,none,,high,control mark drawn as messy cursive C,464,False,0.6,non-BSA,PEG,True,none,3,False,high,False,10.977,2,False,False,control,0.6_non-BSA_PEG_control_r3
0.6 BACK/NON BSA/0 hrs/PXL_20260827_112401783.jpg,0.6,non-BSA,0.0,2026-08-27 11:24:01.783,16,44.444,0.6 COOH,COOH,False,0.6,True,1,none,,high,control mark drawn as messy cursive C,465,False,0.6,non-BSA,COOH,True,none,1,False,high,False,44.444,2,False,False,control,0.6_non-BSA_COOH_control_r1
0.6 BACK/NON BSA/0 hrs/PXL_20260827_112419511.jpg,0.6,non-BSA,0.0,2026-08-27 11:24:19.511,17,17.728,0.6 COOH,COOH,False,0.6,True,2,none,,low,"tally rows drawn very close/compressed in low-res crop, could be 1 or 2; inferred 2 from sequence position between 0342(1) and 0344(3)",466,False,0.6,non-BSA,COOH,True,none,2,False,high,False,17.728,2,False,True,control,0.6_non-BSA_COOH_control_r2
0.6 BACK/NON BSA/0 hrs/PXL_20260827_112431496.jpg,0.6,non-BSA,0.0,2026-08-27 11:24:31.496,18,11.985,0.6 COOH,COOH,False,0.6,True,3,none,,high,control mark drawn as messy cursive C,467,False,0.6,non-BSA,COOH,True,none,3,False,high,False,11.985,2,False,False,control,0.6_non-BSA_COOH_control_r3
0.6 BACK/NON BSA/1 hr/PXL_20260827_121050829.jpg,0.6,non-BSA,1.0,2026-08-27 12:10:50.829,1,,0.4 PEG,PEG,False,0.4,False,1,present,large,high,,468,False,0.6,non-BSA,PEG,False,present,1,False,high,False,,1,False,False,magnet,0.6_non-BSA_PEG_magnet_r1
0.6 BACK/NON BSA/1 hr/PXL_20260827_121115229.jpg,0.6,non-BSA,1.0,2026-08-27 12:11:15.229,2,24.4,0.4 PEG,PEG,False,0.4,False,2,present,large,high,,469,False,0.6,non-BSA,PEG,False,present,2,False,high,False,24.4,1,False,False,magnet,0.6_non-BSA_PEG_magnet_r2
0.6 BACK/NON BSA/1 hr/PXL_20260827_121134416.jpg,0.6,non-BSA,1.0,2026-08-27 12:11:34.416,3,19.187,0.4 PEG,PEG,False,0.4,False,3,present,large,low,"top two tally rows drawn very close together, easy to miscount as a single row (2 total); inferred 3 from sequence position after 0345(1) and 0346(2)",470,False,0.6,non-BSA,PEG,False,present,3,False,high,False,19.187,1,False,True,magnet,0.6_non-BSA_PEG_magnet_r3
0.6 BACK/NON BSA/1 hr/PXL_20260827_121202233.jpg,0.6,non-BSA,1.0,2026-08-27 12:12:02.233,4,27.817,0.6 COOH,COOH,False,0.6,False,1,present,large,high,,471,False,0.6,non-BSA,COOH,False,present,1,False,high,False,27.817,1,False,False,magnet,0.6_non-BSA_COOH_magnet_r1
0.6 BACK/NON BSA/1 hr/PXL_20260827_121217844.jpg,0.6,non-BSA,1.0,2026-08-27 12:12:17.844,5,15.611,0.6 COOH,COOH,False,0.6,False,2,present,large,high,,472,False,0.6,non-BSA,COOH,False,present,2,False,high,False,15.611,1,False,False,magnet,0.6_non-BSA_COOH_magnet_r2
0.6 BACK/NON BSA/1 hr/PXL_20260827_121238034.jpg,0.6,non-BSA,1.0,2026-08-27 12:12:38.034,6,20.19,0.6 COOH,COOH,False,0.6,False,3,present,large,high,,473,False,0.6,non-BSA,COOH,False,present,3,False,high,False,20.19,1,False,False,magnet,0.6_non-BSA_COOH_magnet_r3
0.6 BACK/NON BSA/1 hr/PXL_20260827_123429210.jpg,0.6,non-BSA,1.0,2026-08-27 12:34:29.210,7,1311.176,0.4 PEG,PEG,False,0.4,True,1,none,,high,control mark drawn as messy cursive C,474,False,0.6,non-BSA,PEG,True,none,1,False,high,False,1311.176,2,False,False,control,0.6_non-BSA_PEG_control_r1
0.6 BACK/NON BSA/1 hr/PXL_20260827_123439206.jpg,0.6,non-BSA,1.0,2026-08-27 12:34:39.206,8,9.996,0.4 PEG,PEG,False,0.4,True,2,none,,high,control mark drawn as messy cursive C,475,False,0.6,non-BSA,PEG,True,none,2,False,high,False,9.996,2,False,False,control,0.6_non-BSA_PEG_control_r2
0.6 BACK/NON BSA/1 hr/PXL_20260827_123449412.jpg,0.6,non-BSA,1.0,2026-08-27 12:34:49.412,9,10.206,0.4 PEG,PEG,False,0.4,True,3,none,,high,control mark drawn as messy cursive C,476,False,0.6,non-BSA,PEG,True,none,3,False,high,False,10.206,2,False,False,control,0.6_non-BSA_PEG_control_r3
0.6 BACK/NON BSA/1 hr/PXL_20260827_123516256.jpg,0.6,non-BSA,1.0,2026-08-27 12:35:16.256,10,26.844,0.6 COOH,COOH,False,0.6,True,1,none,,high,control mark drawn as messy cursive C,477,False,0.6,non-BSA,COOH,True,none,1,False,high,False,26.844,2,False,False,control,0.6_non-BSA_COOH_control_r1
0.6 BACK/NON BSA/1 hr/PXL_20260827_123525410.jpg,0.6,non-BSA,1.0,2026-08-27 12:35:25.410,11,9.154,0.6 COOH,COOH,False,0.6,True,2,none,,high,control mark drawn as messy cursive C,478,False,0.6,non-BSA,COOH,True,none,2,False,high,False,9.154,2,False,False,control,0.6_non-BSA_COOH_control_r2
0.6 BACK/NON BSA/1 hr/PXL_20260827_123535901.jpg,0.6,non-BSA,1.0,2026-08-27 12:35:35.901,12,10.491,0.6 COOH,COOH,False,0.6,True,3,none,,high,control mark drawn as messy cursive C,479,False,0.6,non-BSA,COOH,True,none,3,False,high,False,10.491,2,False,False,control,0.6_non-BSA_COOH_control_r3
0.6 BACK/NON BSA/2 hrs/PXL_20260827_130648683.jpg,0.6,non-BSA,2.0,2026-08-27 13:06:48.683,1,,0.4 PEG,PEG,False,0.4,False,1,present,large,high,,480,False,0.6,non-BSA,PEG,False,present,1,False,high,False,,1,False,False,magnet,0.6_non-BSA_PEG_magnet_r1
0.6 BACK/NON BSA/2 hrs/PXL_20260827_130703438.jpg,0.6,non-BSA,2.0,2026-08-27 13:07:03.438,2,14.755,0.4 PEG,PEG,False,0.4,False,2,present,large,high,,481,False,0.6,non-BSA,PEG,False,present,2,False,high,False,14.755,1,False,False,magnet,0.6_non-BSA_PEG_magnet_r2
0.6 BACK/NON BSA/2 hrs/PXL_20260827_130722115.jpg,0.6,non-BSA,2.0,2026-08-27 13:07:22.115,3,18.677,0.4 PEG,PEG,False,0.4,False,3,present,large,low,"tally rows appear close together (look like 2), inferred 3 from sequence position after 0357(1) and 0358(2)",482,False,0.6,non-BSA,PEG,False,present,3,False,high,False,18.677,1,False,True,magnet,0.6_non-BSA_PEG_magnet_r3
0.6 BACK/NON BSA/2 hrs/PXL_20260827_130822441.jpg,0.6,non-BSA,2.0,2026-08-27 13:08:22.441,4,60.326,0.6 COOH,COOH,False,0.6,False,1,present,large,high,,483,False,0.6,non-BSA,COOH,False,present,1,False,high,False,60.326,1,False,False,magnet,0.6_non-BSA_COOH_magnet_r1
0.6 BACK/NON BSA/2 hrs/PXL_20260827_130839787.jpg,0.6,non-BSA,2.0,2026-08-27 13:08:39.787,5,17.346,0.6 COOH,COOH,False,0.6,False,2,present,large,high,,484,False,0.6,non-BSA,COOH,False,present,2,False,high,False,17.346,1,False,False,magnet,0.6_non-BSA_COOH_magnet_r2
0.6 BACK/NON BSA/2 hrs/PXL_20260827_130856687.jpg,0.6,non-BSA,2.0,2026-08-27 13:08:56.687,6,16.9,0.6 COOH,COOH,False,0.6,False,3,present,large,high,,485,False,0.6,non-BSA,COOH,False,present,3,False,high,False,16.9,1,False,False,magnet,0.6_non-BSA_COOH_magnet_r3
0.6 BACK/NON BSA/2 hrs/PXL_20260827_131544349.jpg,0.6,non-BSA,2.0,2026-08-27 13:15:44.349,7,407.662,0.4 PEG,PEG,False,0.4,True,1,none,,high,,486,False,0.6,non-BSA,PEG,True,none,1,False,high,False,407.662,2,False,False,control,0.6_non-BSA_PEG_control_r1
0.6 BACK/NON BSA/2 hrs/PXL_20260827_131555266.jpg,0.6,non-BSA,2.0,2026-08-27 13:15:55.266,8,10.917,0.4 PEG,PEG,False,0.4,True,2,none,,high,,487,False,0.6,non-BSA,PEG,True,none,2,False,high,False,10.917,2,False,False,control,0.6_non-BSA_PEG_control_r2
0.6 BACK/NON BSA/2 hrs/PXL_20260827_131611716.jpg,0.6,non-BSA,2.0,2026-08-27 13:16:11.716,9,16.45,0.4 PEG,PEG,False,0.4,True,3,none,,high,,488,False,0.6,non-BSA,PEG,True,none,3,False,high,False,16.45,2,False,False,control,0.6_non-BSA_PEG_control_r3
0.6 BACK/NON BSA/2 hrs/PXL_20260827_131640131.jpg,0.6,non-BSA,2.0,2026-08-27 13:16:40.131,10,28.415,0.6 COOH,COOH,False,0.6,True,1,none,,high,,489,False,0.6,non-BSA,COOH,True,none,1,False,high,False,28.415,2,False,False,control,0.6_non-BSA_COOH_control_r1
0.6 BACK/NON BSA/2 hrs/PXL_20260827_131651302.jpg,0.6,non-BSA,2.0,2026-08-27 13:16:51.302,11,11.171,0.6 COOH,COOH,False,0.6,True,2,none,,low,crop blurry; compact glyph resembling numeral 3 read as 2 tightly-drawn rows,490,False,0.6,non-BSA,COOH,True,none,2,False,high,False,11.171,2,False,True,control,0.6_non-BSA_COOH_control_r2
0.6 BACK/NON BSA/2 hrs/PXL_20260827_131704155.jpg,0.6,non-BSA,2.0,2026-08-27 13:17:04.155,12,12.853,0.6 COOH,COOH,False,0.6,True,3,none,,high,,491,False,0.6,non-BSA,COOH,True,none,3,False,high,False,12.853,2,False,False,control,0.6_non-BSA_COOH_control_r3
0.6 BACK/NON BSA/3 hrs/PXL_20260827_140907264.jpg,0.6,non-BSA,3.0,2026-08-27 14:09:07.264,1,,0.4 PEG,PEG,False,0.4,False,1,present,large,high,,492,False,0.6,non-BSA,PEG,False,present,1,False,high,False,,1,False,False,magnet,0.6_non-BSA_PEG_magnet_r1
0.6 BACK/NON BSA/3 hrs/PXL_20260827_140921966.jpg,0.6,non-BSA,3.0,2026-08-27 14:09:21.966,2,14.702,0.4 PEG,PEG,False,0.4,False,2,present,large,high,,493,False,0.6,non-BSA,PEG,False,present,2,False,high,False,14.702,1,False,False,magnet,0.6_non-BSA_PEG_magnet_r2
0.6 BACK/NON BSA/3 hrs/PXL_20260827_140939933.jpg,0.6,non-BSA,3.0,2026-08-27 14:09:39.933,3,17.967,0.4 PEG,PEG,False,0.4,False,3,present,large,high,,494,False,0.6,non-BSA,PEG,False,present,3,False,high,False,17.967,1,False,False,magnet,0.6_non-BSA_PEG_magnet_r3
0.6 BACK/NON BSA/3 hrs/PXL_20260827_141017208.jpg,0.6,non-BSA,3.0,2026-08-27 14:10:17.208,4,37.275,0.6 COOH,COOH,False,0.6,False,1,present,large,high,,495,False,0.6,non-BSA,COOH,False,present,1,False,high,False,37.275,1,False,False,magnet,0.6_non-BSA_COOH_magnet_r1
0.6 BACK/NON BSA/3 hrs/PXL_20260827_141035059.jpg,0.6,non-BSA,3.0,2026-08-27 14:10:35.059,5,17.851,0.6 COOH,COOH,False,0.6,False,2,present,large,high,,496,False,0.6,non-BSA,COOH,False,present,2,False,high,False,17.851,1,False,False,magnet,0.6_non-BSA_COOH_magnet_r2
0.6 BACK/NON BSA/3 hrs/PXL_20260827_141101190.jpg,0.6,non-BSA,3.0,2026-08-27 14:11:01.190,6,26.131,0.6 COOH,COOH,False,0.6,False,3,present,large,high,,497,False,0.6,non-BSA,COOH,False,present,3,False,high,False,26.131,1,False,False,magnet,0.6_non-BSA_COOH_magnet_r3
0.6 BACK/NON BSA/3 hrs/PXL_20260827_141944612.jpg,0.6,non-BSA,3.0,2026-08-27 14:19:44.612,7,523.422,0.4 PEG,PEG,False,0.4,True,1,none,,high,,498,False,0.6,non-BSA,PEG,True,none,1,False,high,False,523.422,2,False,False,control,0.6_non-BSA_PEG_control_r1
0.6 BACK/NON BSA/3 hrs/PXL_20260827_141956269.jpg,0.6,non-BSA,3.0,2026-08-27 14:19:56.269,8,11.657,0.4 PEG,PEG,False,0.4,True,2,none,,high,left tab marks compress into a numeral-3-like glyph; high-res crop confirmed 2 distinct rows,499,False,0.6,non-BSA,PEG,True,none,2,False,high,False,11.657,2,False,False,control,0.6_non-BSA_PEG_control_r2
0.6 BACK/NON BSA/3 hrs/PXL_20260827_142009125.jpg,0.6,non-BSA,3.0,2026-08-27 14:20:09.125,9,12.856,0.4 PEG,PEG,False,0.4,True,3,none,,high,,500,False,0.6,non-BSA,PEG,True,none,3,False,high,False,12.856,2,False,False,control,0.6_non-BSA_PEG_control_r3
0.6 BACK/NON BSA/3 hrs/PXL_20260827_142119948.jpg,0.6,non-BSA,3.0,2026-08-27 14:21:19.948,10,70.823,0.6 COOH,COOH,False,0.6,True,1,none,,high,"extra red registration dots at holder corners, unrelated to tally",501,False,0.6,non-BSA,COOH,True,none,1,False,high,False,70.823,2,False,False,control,0.6_non-BSA_COOH_control_r1
0.6 BACK/NON BSA/3 hrs/PXL_20260827_142151810.jpg,0.6,non-BSA,3.0,2026-08-27 14:21:51.810,11,31.862,0.6 COOH,COOH,False,0.6,True,2,none,,low,"compact numeral-3-like glyph; crop did not fully resolve row count, read as 2 by analogy to similar glyphs elsewhere",502,False,0.6,non-BSA,COOH,True,none,2,False,high,False,31.862,2,False,True,control,0.6_non-BSA_COOH_control_r2
0.6 BACK/NON BSA/3 hrs/PXL_20260827_142202560.jpg,0.6,non-BSA,3.0,2026-08-27 14:22:02.560,12,10.75,0.6 COOH,COOH,False,0.6,True,3,none,,high,,503,False,0.6,non-BSA,COOH,True,none,3,False,high,False,10.75,2,False,False,control,0.6_non-BSA_COOH_control_r3
0.6 BACK/NON BSA/4 hrs/PXL_20260827_150529702.jpg,0.6,non-BSA,4.0,2026-08-27 15:05:29.702,1,,0.4 PEG,PEG,False,0.4,False,1,present,large,high,,504,False,0.6,non-BSA,PEG,False,present,1,False,high,False,,1,False,False,magnet,0.6_non-BSA_PEG_magnet_r1
0.6 BACK/NON BSA/4 hrs/PXL_20260827_150545801.jpg,0.6,non-BSA,4.0,2026-08-27 15:05:45.801,2,16.099,0.4 PEG,PEG,False,0.4,False,2,present,large,high,,505,False,0.6,non-BSA,PEG,False,present,2,False,high,False,16.099,1,False,False,magnet,0.6_non-BSA_PEG_magnet_r2
0.6 BACK/NON BSA/4 hrs/PXL_20260827_150555841.jpg,0.6,non-BSA,4.0,2026-08-27 15:05:55.841,3,10.04,0.4 PEG,PEG,False,0.4,False,1,present,large,high,,506,False,0.6,non-BSA,PEG,False,present,3,False,high,True,10.04,1,False,False,magnet,0.6_non-BSA_PEG_magnet_r3
0.6 BACK/NON BSA/4 hrs/PXL_20260827_150627118.jpg,0.6,non-BSA,4.0,2026-08-27 15:06:27.118,4,31.277,0.6 COOH,COOH,False,0.6,False,1,present,large,high,,507,False,0.6,non-BSA,COOH,False,present,1,False,high,False,31.277,1,False,False,magnet,0.6_non-BSA_COOH_magnet_r1
0.6 BACK/NON BSA/4 hrs/PXL_20260827_150638029.jpg,0.6,non-BSA,4.0,2026-08-27 15:06:38.029,5,10.911,0.6 COOH,COOH,False,0.6,False,2,present,large,high,,508,False,0.6,non-BSA,COOH,False,present,2,False,high,False,10.911,1,False,False,magnet,0.6_non-BSA_COOH_magnet_r2
0.6 BACK/NON BSA/4 hrs/PXL_20260827_150658610.jpg,0.6,non-BSA,4.0,2026-08-27 15:06:58.610,6,20.581,0.6 COOH,COOH,False,0.6,False,3,present,large,high,,509,False,0.6,non-BSA,COOH,False,present,3,False,high,False,20.581,1,False,False,magnet,0.6_non-BSA_COOH_magnet_r3
0.6 BACK/NON BSA/4 hrs/PXL_20260827_151811623.jpg,0.6,non-BSA,4.0,2026-08-27 15:18:11.623,7,673.013,0.4 PEG,PEG,False,0.4,True,1,none,,high,,510,False,0.6,non-BSA,PEG,True,none,1,False,high,False,673.013,2,False,False,control,0.6_non-BSA_PEG_control_r1
0.6 BACK/NON BSA/4 hrs/PXL_20260827_151845399.jpg,0.6,non-BSA,4.0,2026-08-27 15:18:45.399,8,33.776,0.4 PEG,PEG,False,0.4,True,2,none,,high,,511,False,0.6,non-BSA,PEG,True,none,2,False,high,False,33.776,2,False,False,control,0.6_non-BSA_PEG_control_r2
0.6 BACK/NON BSA/4 hrs/PXL_20260827_151905702.jpg,0.6,non-BSA,4.0,2026-08-27 15:19:05.702,9,20.303,0.4 PEG,PEG,False,0.4,True,3,none,,high,,512,False,0.6,non-BSA,PEG,True,none,3,False,high,False,20.303,2,False,False,control,0.6_non-BSA_PEG_control_r3
0.6 BACK/NON BSA/4 hrs/PXL_20260827_152013333.jpg,0.6,non-BSA,4.0,2026-08-27 15:20:13.333,10,67.631,0.6 COOH,COOH,False,0.6,True,2,none,,high,,513,False,0.6,non-BSA,COOH,True,none,2,False,high,False,67.631,2,False,False,control,0.6_non-BSA_COOH_control_r2
0.6 BACK/NON BSA/4 hrs/PXL_20260827_152032153.jpg,0.6,non-BSA,4.0,2026-08-27 15:20:32.153,11,18.82,0.6 COOH,COOH,False,0.6,True,3,none,,high,,514,False,0.6,non-BSA,COOH,True,none,3,False,high,False,18.82,2,False,False,control,0.6_non-BSA_COOH_control_r3
0.6 BACK/NON BSA/4 hrs/PXL_20260827_152120708.jpg,0.6,non-BSA,4.0,2026-08-27 15:21:20.708,12,48.555,0.6 COOH,COOH,False,0.6,True,1,none,,high,,515,False,0.6,non-BSA,COOH,True,none,1,False,high,False,48.555,2,False,False,control,0.6_non-BSA_COOH_control_r1
0.6 BACK/NON BSA/5 hrs/PXL_20260827_160751781.jpg,0.6,non-BSA,5.0,2026-08-27 16:07:51.781,1,,0.4 PEG,PEG,False,0.4,False,1,present,large,high,"black marker sticker, no BSA text",516,False,0.6,non-BSA,PEG,False,present,1,False,high,False,,1,False,False,magnet,0.6_non-BSA_PEG_magnet_r1
0.6 BACK/NON BSA/5 hrs/PXL_20260827_160805233.jpg,0.6,non-BSA,5.0,2026-08-27 16:08:05.233,2,13.452,0.4 PEG,PEG,False,0.4,False,2,present,large,high,,517,False,0.6,non-BSA,PEG,False,present,2,False,high,False,13.452,1,False,False,magnet,0.6_non-BSA_PEG_magnet_r2
0.6 BACK/NON BSA/5 hrs/PXL_20260827_160815315.jpg,0.6,non-BSA,5.0,2026-08-27 16:08:15.315,3,10.082,0.4 PEG,PEG,False,0.4,False,1,present,large,high,,518,False,0.6,non-BSA,PEG,False,present,3,False,high,True,10.082,1,False,False,magnet,0.6_non-BSA_PEG_magnet_r3
0.6 BACK/NON BSA/5 hrs/PXL_20260827_160845906.jpg,0.6,non-BSA,5.0,2026-08-27 16:08:45.906,4,30.591,0.6 COOH,COOH,False,0.6,False,1,present,large,high,,519,False,0.6,non-BSA,COOH,False,present,1,False,high,False,30.591,1,False,False,magnet,0.6_non-BSA_COOH_magnet_r1
0.6 BACK/NON BSA/5 hrs/PXL_20260827_160902972.jpg,0.6,non-BSA,5.0,2026-08-27 16:09:02.972,5,17.066,0.6 COOH,COOH,False,0.6,False,2,present,large,high,,520,False,0.6,non-BSA,COOH,False,present,2,False,high,False,17.066,1,False,False,magnet,0.6_non-BSA_COOH_magnet_r2
0.6 BACK/NON BSA/5 hrs/PXL_20260827_160922440.jpg,0.6,non-BSA,5.0,2026-08-27 16:09:22.440,6,19.468,0.6 COOH,COOH,False,0.6,False,1,present,large,high,,521,False,0.6,non-BSA,COOH,False,present,3,False,high,True,19.468,1,False,False,magnet,0.6_non-BSA_COOH_magnet_r3
0.6 BACK/NON BSA/5 hrs/PXL_20260827_162524285.jpg,0.6,non-BSA,5.0,2026-08-27 16:25:24.285,7,961.845,0.4 PEG,PEG,False,0.4,True,1,none,,high,,522,False,0.6,non-BSA,PEG,True,none,1,False,high,False,961.845,2,False,False,control,0.6_non-BSA_PEG_control_r1
0.6 BACK/NON BSA/5 hrs/PXL_20260827_162536880.jpg,0.6,non-BSA,5.0,2026-08-27 16:25:36.880,8,12.595,0.4 PEG,PEG,False,0.4,True,1,none,,high,"black marker sticker, no BSA text",523,False,0.6,non-BSA,PEG,True,none,2,False,high,True,12.595,2,False,False,control,0.6_non-BSA_PEG_control_r2
0.6 BACK/NON BSA/5 hrs/PXL_20260827_162549596.jpg,0.6,non-BSA,5.0,2026-08-27 16:25:49.596,9,12.716,0.4 PEG,PEG,False,0.4,True,2,none,,high,,524,False,0.6,non-BSA,PEG,True,none,3,False,high,True,12.716,2,False,False,control,0.6_non-BSA_PEG_control_r3
0.6 BACK/NON BSA/5 hrs/PXL_20260827_162614485.jpg,0.6,non-BSA,5.0,2026-08-27 16:26:14.485,10,24.889,0.4 COOH,COOH,False,0.4,True,1,none,,high,"black marker sticker, no BSA text",525,False,0.6,non-BSA,COOH,True,none,1,False,high,False,24.889,2,False,False,control,0.6_non-BSA_COOH_control_r1
0.6 BACK/NON BSA/5 hrs/PXL_20260827_162628101.jpg,0.6,non-BSA,5.0,2026-08-27 16:26:28.101,11,13.616,0.4 COOH,COOH,False,0.4,True,3,none,,low,tally rows close together; possible 2 vs 3,526,False,0.6,non-BSA,COOH,True,none,2,False,high,True,13.616,2,False,True,control,0.6_non-BSA_COOH_control_r2
0.6 BACK/NON BSA/5 hrs/PXL_20260827_162641528.jpg,0.6,non-BSA,5.0,2026-08-27 16:26:41.528,12,13.427,0.6 COOH,COOH,False,0.6,True,3,none,,high,,527,False,0.6,non-BSA,COOH,True,none,3,False,high,False,13.427,2,False,False,control,0.6_non-BSA_COOH_control_r3
0.6 BACK/NON BSA/6 hrs/PXL_20260827_170607708.jpg,0.6,non-BSA,6.0,2026-08-27 17:06:07.708,1,,0.4 PEG,PEG,False,0.4,False,1,present,large,high,,528,False,0.6,non-BSA,PEG,False,present,1,False,high,False,,1,False,False,magnet,0.6_non-BSA_PEG_magnet_r1
0.6 BACK/NON BSA/6 hrs/PXL_20260827_170623820.jpg,0.6,non-BSA,6.0,2026-08-27 17:06:23.820,2,16.112,0.4 PEG,PEG,False,0.4,False,2,present,large,high,,529,False,0.6,non-BSA,PEG,False,present,2,False,high,False,16.112,1,False,False,magnet,0.6_non-BSA_PEG_magnet_r2
0.6 BACK/NON BSA/6 hrs/PXL_20260827_170632814.jpg,0.6,non-BSA,6.0,2026-08-27 17:06:32.814,3,8.994,0.4 PEG,PEG,False,0.4,False,1,present,large,high,,530,False,0.6,non-BSA,PEG,False,present,3,False,high,True,8.994,1,False,False,magnet,0.6_non-BSA_PEG_magnet_r3
0.6 BACK/NON BSA/6 hrs/PXL_20260827_170713722.jpg,0.6,non-BSA,6.0,2026-08-27 17:07:13.722,4,40.908,0.6 COOH,COOH,False,0.6,False,1,present,large,high,,531,False,0.6,non-BSA,COOH,False,present,1,False,high,False,40.908,1,False,False,magnet,0.6_non-BSA_COOH_magnet_r1
0.6 BACK/NON BSA/6 hrs/PXL_20260827_170728483.jpg,0.6,non-BSA,6.0,2026-08-27 17:07:28.483,5,14.761,0.6 COOH,COOH,False,0.6,False,3,present,large,high,,532,False,0.6,non-BSA,COOH,False,present,2,False,high,True,14.761,1,False,False,magnet,0.6_non-BSA_COOH_magnet_r2
0.6 BACK/NON BSA/6 hrs/PXL_20260827_170817720.jpg,0.6,non-BSA,6.0,2026-08-27 17:08:17.720,6,49.237,0.6 COOH,COOH,False,0.6,False,3,present,large,high,,533,False,0.6,non-BSA,COOH,False,present,3,False,high,False,49.237,1,False,False,magnet,0.6_non-BSA_COOH_magnet_r3
0.6 BACK/NON BSA/6 hrs/PXL_20260827_172011585.jpg,0.6,non-BSA,6.0,2026-08-27 17:20:11.585,7,713.865,0.4 PEG,PEG,False,0.4,True,1,none,,high,,534,False,0.6,non-BSA,PEG,True,none,1,False,high,False,713.865,2,False,False,control,0.6_non-BSA_PEG_control_r1
0.6 BACK/NON BSA/6 hrs/PXL_20260827_172030214.jpg,0.6,non-BSA,6.0,2026-08-27 17:20:30.214,8,18.629,0.4 PEG,PEG,False,0.4,True,3,none,,low,"tally rows drawn close together, could be 2",535,False,0.6,non-BSA,PEG,True,none,2,False,high,True,18.629,2,False,True,control,0.6_non-BSA_PEG_control_r2
0.6 BACK/NON BSA/6 hrs/PXL_20260827_172053476.jpg,0.6,non-BSA,6.0,2026-08-27 17:20:53.476,9,23.262,0.4 PEG,PEG,False,0.4,True,3,none,,low,"tally rows drawn close together, could be 2",536,False,0.6,non-BSA,PEG,True,none,3,False,high,False,23.262,2,False,True,control,0.6_non-BSA_PEG_control_r3
0.6 BACK/NON BSA/6 hrs/PXL_20260827_172136542.jpg,0.6,non-BSA,6.0,2026-08-27 17:21:36.542,10,43.066,0.6 COOH,COOH,False,0.6,True,1,none,,high,,537,False,0.6,non-BSA,COOH,True,none,1,False,high,False,43.066,2,False,False,control,0.6_non-BSA_COOH_control_r1
0.6 BACK/NON BSA/6 hrs/PXL_20260827_172153918.jpg,0.6,non-BSA,6.0,2026-08-27 17:21:53.918,11,17.376,0.6 COOH,COOH,False,0.6,True,3,none,,low,"tally rows drawn close together, could be 2",538,False,0.6,non-BSA,COOH,True,none,2,False,high,True,17.376,2,False,True,control,0.6_non-BSA_COOH_control_r2
0.6 BACK/NON BSA/6 hrs/PXL_20260827_172208411.jpg,0.6,non-BSA,6.0,2026-08-27 17:22:08.411,12,14.493,0.6 COOH,COOH,False,0.6,True,3,none,,low,"tally rows drawn close together, could be 2",539,False,0.6,non-BSA,COOH,True,none,3,False,high,False,14.493,2,False,True,control,0.6_non-BSA_COOH_control_r3
0.6 BACK/NON BSA/7.5 hrs/PXL_20260827_183958875.jpg,0.6,non-BSA,7.5,2026-08-27 18:39:58.875,1,,0.4 PEG,PEG,False,0.4,False,1,present,large,high,,540,False,0.6,non-BSA,PEG,False,present,1,False,high,False,,1,False,False,magnet,0.6_non-BSA_PEG_magnet_r1
0.6 BACK/NON BSA/7.5 hrs/PXL_20260827_184030941.jpg,0.6,non-BSA,7.5,2026-08-27 18:40:30.941,2,32.066,0.4 PEG,PEG,False,0.4,False,2,present,large,high,,541,False,0.6,non-BSA,PEG,False,present,2,False,high,False,32.066,1,False,False,magnet,0.6_non-BSA_PEG_magnet_r2
0.6 BACK/NON BSA/7.5 hrs/PXL_20260827_184053030.jpg,0.6,non-BSA,7.5,2026-08-27 18:40:53.030,3,22.089,0.4 PEG,PEG,False,0.4,False,1,present,large,high,,542,False,0.6,non-BSA,PEG,False,present,3,False,high,True,22.089,1,False,False,magnet,0.6_non-BSA_PEG_magnet_r3
0.6 BACK/NON BSA/7.5 hrs/PXL_20260827_184130274.jpg,0.6,non-BSA,7.5,2026-08-27 18:41:30.274,4,37.244,0.6 COOH,COOH,False,0.6,False,1,present,large,high,,543,False,0.6,non-BSA,COOH,False,present,1,False,high,False,37.244,1,False,False,magnet,0.6_non-BSA_COOH_magnet_r1
0.6 BACK/NON BSA/7.5 hrs/PXL_20260827_184155173.jpg,0.6,non-BSA,7.5,2026-08-27 18:41:55.173,5,24.899,0.6 COOH,COOH,False,0.6,False,2,present,large,high,,544,False,0.6,non-BSA,COOH,False,present,2,False,high,False,24.899,1,False,False,magnet,0.6_non-BSA_COOH_magnet_r2
0.6 BACK/NON BSA/7.5 hrs/PXL_20260827_184211163.jpg,0.6,non-BSA,7.5,2026-08-27 18:42:11.163,6,15.99,0.6 COOH,COOH,False,0.6,False,3,present,large,high,,545,False,0.6,non-BSA,COOH,False,present,3,False,high,False,15.99,1,False,False,magnet,0.6_non-BSA_COOH_magnet_r3
0.6 BACK/NON BSA/7.5 hrs/PXL_20260827_185342484.jpg,0.6,non-BSA,7.5,2026-08-27 18:53:42.484,7,691.321,0.4 PEG,PEG,False,0.4,True,1,none,,high,,546,False,0.6,non-BSA,PEG,True,none,1,False,high,False,691.321,2,False,False,control,0.6_non-BSA_PEG_control_r1
0.6 BACK/NON BSA/7.5 hrs/PXL_20260827_185358682.jpg,0.6,non-BSA,7.5,2026-08-27 18:53:58.682,8,16.198,0.4 PEG,PEG,False,0.4,True,3,none,,low,"tally rows drawn close together, could be 2",547,False,0.6,non-BSA,PEG,True,none,2,False,high,True,16.198,2,False,True,control,0.6_non-BSA_PEG_control_r2
0.6 BACK/NON BSA/7.5 hrs/PXL_20260827_185412956.jpg,0.6,non-BSA,7.5,2026-08-27 18:54:12.956,9,14.274,0.4 PEG,PEG,False,0.4,True,3,none,,low,"tally rows drawn close together, could be 2",548,False,0.6,non-BSA,PEG,True,none,3,False,high,False,14.274,2,False,True,control,0.6_non-BSA_PEG_control_r3
0.6 BACK/NON BSA/7.5 hrs/PXL_20260827_185453614.jpg,0.6,non-BSA,7.5,2026-08-27 18:54:53.614,10,40.658,0.6 COOH,COOH,False,0.6,True,1,none,,high,,549,False,0.6,non-BSA,COOH,True,none,1,False,high,False,40.658,2,False,False,control,0.6_non-BSA_COOH_control_r1
0.6 BACK/NON BSA/7.5 hrs/PXL_20260827_185509964.jpg,0.6,non-BSA,7.5,2026-08-27 18:55:09.964,11,16.35,0.6 COOH,COOH,False,0.6,True,3,none,,low,"tally rows drawn close together, could be 2",550,False,0.6,non-BSA,COOH,True,none,2,False,high,True,16.35,2,False,True,control,0.6_non-BSA_COOH_control_r2
0.6 BACK/NON BSA/7.5 hrs/PXL_20260827_185524974.jpg,0.6,non-BSA,7.5,2026-08-27 18:55:24.974,12,15.01,0.6 COOH,COOH,False,0.6,True,3,none,,low,"tally rows drawn close together, could be 2",551,False,0.6,non-BSA,COOH,True,none,3,False,high,False,15.01,2,False,True,control,0.6_non-BSA_COOH_control_r3
0.6 BACK/NON BSA/9 hrs/PXL_20260827_200750256.jpg,0.6,non-BSA,9.0,2026-08-27 20:07:50.256,1,,0.4 PEG,PEG,False,0.4,False,1,present,large,high,,552,False,0.6,non-BSA,PEG,False,present,1,False,high,False,,1,False,False,magnet,0.6_non-BSA_PEG_magnet_r1
0.6 BACK/NON BSA/9 hrs/PXL_20260827_200800276.jpg,0.6,non-BSA,9.0,2026-08-27 20:08:00.276,2,10.02,0.4 PEG,PEG,False,0.4,False,2,present,large,high,,553,False,0.6,non-BSA,PEG,False,present,2,False,high,False,10.02,1,False,False,magnet,0.6_non-BSA_PEG_magnet_r2
0.6 BACK/NON BSA/9 hrs/PXL_20260827_200812542.jpg,0.6,non-BSA,9.0,2026-08-27 20:08:12.542,3,12.266,0.4 PEG,PEG,False,0.4,False,3,present,large,high,,554,False,0.6,non-BSA,PEG,False,present,3,False,high,False,12.266,1,False,False,magnet,0.6_non-BSA_PEG_magnet_r3
0.6 BACK/NON BSA/9 hrs/PXL_20260827_200838211.jpg,0.6,non-BSA,9.0,2026-08-27 20:08:38.211,4,25.669,0.6 COOH,COOH,False,0.6,False,1,present,large,high,,555,False,0.6,non-BSA,COOH,False,present,1,False,high,False,25.669,1,False,False,magnet,0.6_non-BSA_COOH_magnet_r1
0.6 BACK/NON BSA/9 hrs/PXL_20260827_200854136.jpg,0.6,non-BSA,9.0,2026-08-27 20:08:54.136,5,15.925,0.6 COOH,COOH,False,0.6,False,2,present,large,high,,556,False,0.6,non-BSA,COOH,False,present,2,False,high,False,15.925,1,False,False,magnet,0.6_non-BSA_COOH_magnet_r2
0.6 BACK/NON BSA/9 hrs/PXL_20260827_200915546.jpg,0.6,non-BSA,9.0,2026-08-27 20:09:15.546,6,21.41,0.6 COOH,COOH,False,0.6,False,3,present,large,high,,557,False,0.6,non-BSA,COOH,False,present,3,False,high,False,21.41,1,False,False,magnet,0.6_non-BSA_COOH_magnet_r3
0.6 BACK/NON BSA/9 hrs/PXL_20260827_201949812.jpg,0.6,non-BSA,9.0,2026-08-27 20:19:49.812,7,634.266,0.4 PEG,PEG,False,0.4,True,1,none,,high,,558,False,0.6,non-BSA,PEG,True,none,1,False,high,False,634.266,2,False,False,control,0.6_non-BSA_PEG_control_r1
0.6 BACK/NON BSA/9 hrs/PXL_20260827_202008369.jpg,0.6,non-BSA,9.0,2026-08-27 20:20:08.369,8,18.557,0.4 PEG,PEG,False,0.4,True,3,none,,low,"tally rows drawn close together, could be 2",559,False,0.6,non-BSA,PEG,True,none,2,False,high,True,18.557,2,False,True,control,0.6_non-BSA_PEG_control_r2
0.6 BACK/NON BSA/9 hrs/PXL_20260827_202022101.jpg,0.6,non-BSA,9.0,2026-08-27 20:20:22.101,9,13.732,0.4 PEG,PEG,False,0.4,True,3,none,,low,"tally rows drawn close together, could be 2",560,False,0.6,non-BSA,PEG,True,none,3,False,high,False,13.732,2,False,True,control,0.6_non-BSA_PEG_control_r3
0.6 BACK/NON BSA/9 hrs/PXL_20260827_202056814.jpg,0.6,non-BSA,9.0,2026-08-27 20:20:56.814,10,34.713,0.6 COOH,COOH,False,0.6,True,1,none,,high,,561,False,0.6,non-BSA,COOH,True,none,1,False,high,False,34.713,2,False,False,control,0.6_non-BSA_COOH_control_r1
0.6 BACK/NON BSA/9 hrs/PXL_20260827_202112888.jpg,0.6,non-BSA,9.0,2026-08-27 20:21:12.888,11,16.074,0.6 COOH,COOH,False,0.6,True,3,none,,low,"tally rows drawn close together, could be 2",562,False,0.6,non-BSA,COOH,True,none,2,False,high,True,16.074,2,False,True,control,0.6_non-BSA_COOH_control_r2
0.6 BACK/NON BSA/9 hrs/PXL_20260827_202131901.jpg,0.6,non-BSA,9.0,2026-08-27 20:21:31.901,12,19.013,0.6 COOH,COOH,False,0.6,True,3,none,,low,"tally rows drawn close together, could be 2",563,False,0.6,non-BSA,COOH,True,none,3,False,high,False,19.013,2,False,True,control,0.6_non-BSA_COOH_control_r3
0.6 BACK/NON BSA/10.5 hrs/PXL_20260827_213653405.jpg,0.6,non-BSA,10.5,2026-08-27 21:36:53.405,1,,0.4 PEG,PEG,False,0.4,False,1,present,large,high,"sticker written in black marker, no BSA",564,False,0.6,non-BSA,PEG,False,present,1,False,high,False,,1,False,False,magnet,0.6_non-BSA_PEG_magnet_r1
0.6 BACK/NON BSA/10.5 hrs/PXL_20260827_213707939.jpg,0.6,non-BSA,10.5,2026-08-27 21:37:07.939,2,14.534,0.4 PEG,PEG,False,0.4,False,2,present,large,high,"sticker written in black marker, no BSA",565,False,0.6,non-BSA,PEG,False,present,2,False,high,False,14.534,1,False,False,magnet,0.6_non-BSA_PEG_magnet_r2
0.6 BACK/NON BSA/10.5 hrs/PXL_20260827_213719214.jpg,0.6,non-BSA,10.5,2026-08-27 21:37:19.214,3,11.275,0.4 PEG,PEG,False,0.4,False,1,present,large,high,near-duplicate framing of 0537,566,False,0.6,non-BSA,PEG,False,present,3,False,high,True,11.275,1,False,False,magnet,0.6_non-BSA_PEG_magnet_r3
0.6 BACK/NON BSA/10.5 hrs/PXL_20260827_213742710.jpg,0.6,non-BSA,10.5,2026-08-27 21:37:42.710,4,23.496,0.4 PEG,PEG,False,0.4,False,1,present,large,high,near-duplicate framing of 0537/0539,567,False,0.6,non-BSA,COOH,False,present,1,False,high,False,23.496,1,False,False,magnet,0.6_non-BSA_COOH_magnet_r1
0.6 BACK/NON BSA/10.5 hrs/PXL_20260827_213804509.jpg,0.6,non-BSA,10.5,2026-08-27 21:38:04.509,5,21.799,0.4 PEG,PEG,False,0.4,False,2,present,large,high,near-duplicate framing of 0538,568,False,0.6,non-BSA,COOH,False,present,2,False,high,False,21.799,1,False,False,magnet,0.6_non-BSA_COOH_magnet_r2
0.6 BACK/NON BSA/10.5 hrs/PXL_20260827_213813658.jpg,0.6,non-BSA,10.5,2026-08-27 21:38:13.658,6,9.149,0.4 PEG,PEG,False,0.4,False,3,present,large,high,"sticker written in black marker, no BSA",569,False,0.6,non-BSA,COOH,False,present,3,False,high,False,9.149,1,False,False,magnet,0.6_non-BSA_COOH_magnet_r3
0.6 BACK/NON BSA/10.5 hrs/PXL_20260827_214659787.jpg,0.6,non-BSA,10.5,2026-08-27 21:46:59.787,7,526.129,0.4 PEG,PEG,False,0.4,True,1,none,,high,,570,False,0.6,non-BSA,PEG,True,none,1,False,high,False,526.129,2,False,False,control,0.6_non-BSA_PEG_control_r1
0.6 BACK/NON BSA/10.5 hrs/PXL_20260827_214717529.jpg,0.6,non-BSA,10.5,2026-08-27 21:47:17.529,8,17.742,0.4 PEG,PEG,False,0.4,True,2,none,,high,,571,False,0.6,non-BSA,PEG,True,none,2,False,high,True,17.742,2,False,False,control,0.6_non-BSA_PEG_control_r2
0.6 BACK/NON BSA/10.5 hrs/PXL_20260827_214741580.jpg,0.6,non-BSA,10.5,2026-08-27 21:47:41.580,9,24.051,0.4 PEG,PEG,False,0.4,True,2,none,,high,,572,False,0.6,non-BSA,PEG,True,none,3,False,high,True,24.051,2,False,False,control,0.6_non-BSA_PEG_control_r3
0.6 BACK/NON BSA/10.5 hrs/PXL_20260827_214833692.jpg,0.6,non-BSA,10.5,2026-08-27 21:48:33.692,10,52.112,0.4 COOH,COOH,False,0.4,True,1,none,,high,,573,False,0.6,non-BSA,COOH,True,none,1,False,high,False,52.112,2,False,False,control,0.6_non-BSA_COOH_control_r1
0.6 BACK/NON BSA/10.5 hrs/PXL_20260827_214846845.jpg,0.6,non-BSA,10.5,2026-08-27 21:48:46.845,11,13.153,0.4 COOH,COOH,False,0.4,True,3,none,,high,,574,False,0.6,non-BSA,COOH,True,none,2,False,high,True,13.153,2,False,False,control,0.6_non-BSA_COOH_control_r2
0.6 BACK/NON BSA/10.5 hrs/PXL_20260827_214857761.jpg,0.6,non-BSA,10.5,2026-08-27 21:48:57.761,12,10.916,0.4 COOH,COOH,False,0.4,True,3,none,,high,,575,False,0.6,non-BSA,COOH,True,none,3,False,high,False,10.916,2,False,False,control,0.6_non-BSA_COOH_control_r3
0.6 BACK/NON BSA/12 hrs/PXL_20260827_225710934.jpg,0.6,non-BSA,12.0,2026-08-27 22:57:10.934,1,,0.4 PEG,PEG,False,0.4,False,1,present,large,high,,576,False,0.6,non-BSA,PEG,False,present,1,False,high,False,,1,False,False,magnet,0.6_non-BSA_PEG_magnet_r1
0.6 BACK/NON BSA/12 hrs/PXL_20260827_225741485.jpg,0.6,non-BSA,12.0,2026-08-27 22:57:41.485,2,30.551,0.4 PEG,PEG,False,0.4,False,2,present,large,high,,577,False,0.6,non-BSA,PEG,False,present,2,False,high,False,30.551,1,False,False,magnet,0.6_non-BSA_PEG_magnet_r2
0.6 BACK/NON BSA/12 hrs/PXL_20260827_225825698.jpg,0.6,non-BSA,12.0,2026-08-27 22:58:25.698,3,44.213,0.4 PEG,PEG,False,0.4,False,1,present,large,high,,578,False,0.6,non-BSA,PEG,False,present,3,False,high,True,44.213,1,False,False,magnet,0.6_non-BSA_PEG_magnet_r3
0.6 BACK/NON BSA/12 hrs/PXL_20260827_225855047.jpg,0.6,non-BSA,12.0,2026-08-27 22:58:55.047,4,29.349,0.6 COOH,COOH,False,0.6,False,1,present,large,high,,579,False,0.6,non-BSA,COOH,False,present,1,False,high,False,29.349,1,False,False,magnet,0.6_non-BSA_COOH_magnet_r1
0.6 BACK/NON BSA/12 hrs/PXL_20260827_225905696.jpg,0.6,non-BSA,12.0,2026-08-27 22:59:05.696,5,10.649,0.6 COOH,COOH,False,0.6,False,2,present,large,high,,580,False,0.6,non-BSA,COOH,False,present,2,False,high,False,10.649,1,False,False,magnet,0.6_non-BSA_COOH_magnet_r2
0.6 BACK/NON BSA/12 hrs/PXL_20260827_225925599.jpg,0.6,non-BSA,12.0,2026-08-27 22:59:25.599,6,19.903,0.6 COOH,COOH,False,0.6,False,3,present,large,high,,581,False,0.6,non-BSA,COOH,False,present,3,False,high,False,19.903,1,False,False,magnet,0.6_non-BSA_COOH_magnet_r3
0.6 BACK/NON BSA/12 hrs/PXL_20260827_231002599.jpg,0.6,non-BSA,12.0,2026-08-27 23:10:02.599,7,637.0,0.4 PEG,PEG,False,0.4,True,1,none,,high,,582,False,0.6,non-BSA,PEG,True,none,1,False,high,False,637.0,2,False,False,control,0.6_non-BSA_PEG_control_r1
0.6 BACK/NON BSA/12 hrs/PXL_20260827_231041431.jpg,0.6,non-BSA,12.0,2026-08-27 23:10:41.431,8,38.832,0.4 PEG,PEG,False,0.4,True,2,none,,high,,583,False,0.6,non-BSA,PEG,True,none,2,False,high,False,38.832,2,False,False,control,0.6_non-BSA_PEG_control_r2
0.6 BACK/NON BSA/12 hrs/PXL_20260827_231103164.jpg,0.6,non-BSA,12.0,2026-08-27 23:11:03.164,9,21.733,0.4 PEG,PEG,False,0.4,True,2,none,,high,,584,False,0.6,non-BSA,PEG,True,none,3,False,high,True,21.733,2,False,False,control,0.6_non-BSA_PEG_control_r3
0.6 BACK/NON BSA/12 hrs/PXL_20260827_231147704.jpg,0.6,non-BSA,12.0,2026-08-27 23:11:47.704,10,44.54,0.6 COOH,COOH,False,0.6,True,1,none,,high,,585,False,0.6,non-BSA,COOH,True,none,1,False,high,False,44.54,2,False,False,control,0.6_non-BSA_COOH_control_r1
0.6 BACK/NON BSA/12 hrs/PXL_20260827_231211243.jpg,0.6,non-BSA,12.0,2026-08-27 23:12:11.243,11,23.539,0.6 COOH,COOH,False,0.6,True,3,none,,high,,586,False,0.6,non-BSA,COOH,True,none,2,False,high,True,23.539,2,False,False,control,0.6_non-BSA_COOH_control_r2
0.6 BACK/NON BSA/12 hrs/PXL_20260827_231232825.jpg,0.6,non-BSA,12.0,2026-08-27 23:12:32.825,12,21.582,0.6 COOH,COOH,False,0.6,True,3,none,,high,,587,False,0.6,non-BSA,COOH,True,none,3,False,high,False,21.582,2,False,False,control,0.6_non-BSA_COOH_control_r3
0.6 BACK/NON BSA/21.5 hrs/PXL_20260828_084153934.jpg,0.6,non-BSA,21.5,2026-08-28 08:41:53.934,1,,0.6 PEG,PEG,False,0.6,False,1,present,large,high,,588,False,0.6,non-BSA,PEG,False,present,1,False,high,False,,1,False,False,magnet,0.6_non-BSA_PEG_magnet_r1
0.6 BACK/NON BSA/21.5 hrs/PXL_20260828_084231375.jpg,0.6,non-BSA,21.5,2026-08-28 08:42:31.375,2,37.441,0.6 PEG,PEG,False,0.6,False,2,present,large,high,,589,False,0.6,non-BSA,PEG,False,present,2,False,high,False,37.441,1,False,False,magnet,0.6_non-BSA_PEG_magnet_r2
0.6 BACK/NON BSA/21.5 hrs/PXL_20260828_084249640.jpg,0.6,non-BSA,21.5,2026-08-28 08:42:49.640,3,18.265,0.6 PEG,PEG,False,0.6,False,3,present,large,high,,590,False,0.6,non-BSA,PEG,False,present,3,False,high,False,18.265,1,False,False,magnet,0.6_non-BSA_PEG_magnet_r3
0.6 BACK/NON BSA/21.5 hrs/PXL_20260828_084327210.jpg,0.6,non-BSA,21.5,2026-08-28 08:43:27.210,4,37.57,0.6 COOH,COOH,False,0.6,False,1,present,large,high,,591,False,0.6,non-BSA,COOH,False,present,1,False,high,False,37.57,1,False,False,magnet,0.6_non-BSA_COOH_magnet_r1
0.6 BACK/NON BSA/21.5 hrs/PXL_20260828_084402659.jpg,0.6,non-BSA,21.5,2026-08-28 08:44:02.659,5,35.449,0.6 COOH,COOH,False,0.6,False,2,present,large,high,,592,False,0.6,non-BSA,COOH,False,present,2,False,high,False,35.449,1,False,False,magnet,0.6_non-BSA_COOH_magnet_r2
0.6 BACK/NON BSA/21.5 hrs/PXL_20260828_084427580.jpg,0.6,non-BSA,21.5,2026-08-28 08:44:27.580,6,24.921,0.6 COOH,COOH,False,0.6,False,3,present,large,high,,593,False,0.6,non-BSA,COOH,False,present,3,False,high,False,24.921,1,False,False,magnet,0.6_non-BSA_COOH_magnet_r3
0.6 BACK/NON BSA/21.5 hrs/PXL_20260828_085720753.jpg,0.6,non-BSA,21.5,2026-08-28 08:57:20.753,7,773.173,0.6 PEG,PEG,False,0.6,True,1,none,,high,,594,False,0.6,non-BSA,PEG,True,none,1,False,high,False,773.173,2,False,False,control,0.6_non-BSA_PEG_control_r1
0.6 BACK/NON BSA/21.5 hrs/PXL_20260828_085734553.jpg,0.6,non-BSA,21.5,2026-08-28 08:57:34.553,8,13.8,0.6 PEG,PEG,False,0.6,True,2,none,,high,,595,False,0.6,non-BSA,PEG,True,none,2,False,high,False,13.8,2,False,False,control,0.6_non-BSA_PEG_control_r2
0.6 BACK/NON BSA/21.5 hrs/PXL_20260828_085758291.jpg,0.6,non-BSA,21.5,2026-08-28 08:57:58.291,9,23.738,0.6 PEG,PEG,False,0.6,True,3,none,,high,,596,False,0.6,non-BSA,PEG,True,none,3,False,high,False,23.738,2,False,False,control,0.6_non-BSA_PEG_control_r3
0.6 BACK/NON BSA/21.5 hrs/PXL_20260828_085932728.jpg,0.6,non-BSA,21.5,2026-08-28 08:59:32.728,10,94.437,0.6 COOH,COOH,False,0.6,True,1,none,,high,,597,False,0.6,non-BSA,COOH,True,none,1,False,high,False,94.437,2,False,False,control,0.6_non-BSA_COOH_control_r1
0.6 BACK/NON BSA/21.5 hrs/PXL_20260828_085941905.jpg,0.6,non-BSA,21.5,2026-08-28 08:59:41.905,11,9.177,0.6 COOH,COOH,False,0.6,True,2,none,,high,,598,False,0.6,non-BSA,COOH,True,none,2,False,high,False,9.177,2,False,False,control,0.6_non-BSA_COOH_control_r2
0.6 BACK/NON BSA/21.5 hrs/PXL_20260828_085953523.jpg,0.6,non-BSA,21.5,2026-08-28 08:59:53.523,12,11.618,0.6 COOH,COOH,False,0.6,True,3,none,,high,,599,False,0.6,non-BSA,COOH,True,none,3,False,high,False,11.618,2,False,False,control,0.6_non-BSA_COOH_control_r3
